SAMPLE_ID,Project_name,Sample,Year,Season,Date,Time_local,Latitude,Longitude,Location,Volume_m3,Vessel,Gear_depth_m,Gear_mesh_um,Station_depth_m,Temperature_C,Salinity,Comments,QC_FLAG,FLAG_COMMENT,NOTES_PICES_UNDIFFERENTIATED,Acanthuridae_37437900,Acropomatidae_Verilus.anomalus_37311053,Acropomatidae_other_37311956,Ammodytidae_37425000,Anguilliformes_37990025,Antennariidae_37210915,Serranidae_Serranidae.subfam.Anthiinae_37311907,Aploactinidae_Matsubarichthys.inusitatus_37290013,Aploactinidae_other_37290000,Aplodactylidae_Aplodactylus.spp_37376901,Apogonidae_37327926,Argentinidae_37097905,Arripidae_Arripis.trutta_37344002,Arripidae_other_37344000,Astronesthidae_37108000,Atherinidae_37246911,Aulopidae_Hime.spp_37117902,Balistidae_37465900,Berycidae_Centroberyx.affinis_37258003,Berycidae_other_37258000,Blenniidae_Plagiotremus.spp_37408921,Blenniidae_Petroscirtes.lupus_37408073,Blenniidae_Omobranchus.anolius_37408058,Blenniidae_Parablennius.spp_37408918,Blenniidae_other_37408000,Bothidae_Crossorhombus.spp_37460907,Bothidae_Engyprosopon.spp_37460908,Bothidae_Grammatobothus.spp_37460909,Bothidae_Lophonectes.gallus_37460001,Bothidae_Arnoglossus.spp_37460902,Bothidae_Asterorhombus.spp_37460903,Bothidae_other_37460922,Bramidae_Brama.spp_37342900,Bregmacerotidae_Bregmaceros.spp_37225901,Callanthiidae_Callanthias.australis_37311055,Callionymidae_37427917,Caproidae_Antigonia.spp_37267901,Carangidae_Pseudocaranx.georgianus_37337062,Carangidae_Trachurus.declivis_37337002,Carangidae_Decapterus.spp_37337901,Carangidae_Trachurus.novaezelandiae_37337003,Carangidae_Seriola.spp_37337927,Carangidae_other_37337000,Carapidae_37229000,Centrolophidae_Seriolella.spp_37445909,Cepolidae_Acanthocepola.spp_37380901,Cepolidae_Cepola.australis_37380001,Chaetodontidae_37365900,Champsodontidae_37401000,Ambassidae_Ambassis.jacksoniensis_37310012,Ambassidae_Ambassis.marianus_37310018,Cheilodactylidae_Nemadactylus.macropterus_37377003,Cheilodactylidae_Cheilodactylus.spp_37377902,Chiasmodontidae_37402000,Chironemidae_Chironemus.spp_37375901,Chlorophthalmidae_Chlorophthalmus.spp_37120903,Cirrhitidae_37374000,Clinidae_37416000,Clupeidae_Sardinops.sagax_37085002,Clupeidae_Etrumeus.teres_37085001,Clupeidae_Hyperlophus.vittatus_37085005,Clupeidae_Spratelloides.robustus_37085003,Clupeidae_other_37085922,Coryphaenidae_Coryphaena.spp_37338901,Creediidae_Creedia.spp_37395901,Creediidae_Limnichthys.spp_37395902,Creediidae_other_37395000,Cynoglossidae_37463000,Dactylopteridae_Dactyloptena.spp_37308902,Dinolestidae_Dinolestes.lewini_37327002,Emmelichthyidae_Emmelichthys.nitidus_37345001,Engraulidae_Engraulis.australis_37086001,Enoplosidae_Enoplosus.armatus_37366001,Serranidae_Serranidae.subfam.Epinephelinae_37311908,Evermannellidae_37130000,Exocoetidae_37233000,Fistulariidae_37278000,Gempylidae_Thyrsites.atun_37439001,Gempylidae_Rexea.solandri_37439002,Gempylidae_Gempylus.serpens_37439010,Gempylidae_other_37439918,Gerreidae_Gerres.subfasciatus_37349005,Girellidae_Girella.tricuspidata_37361007,Gobiidae_37428000,Gobiesocidae_Alabes.spp_37206901,Gobiesocidae_other_37206000,Gonorynchidae_Gonorynchus.greyi_37141001,Gonostomatidae_37106912,Grammistidae_37312000,Haemulidae_37350000,Holocentridae_37261000,Hoplichthyidae_Hoplichthys.spp_37297901,Howellidae_Howella.spp_37327912,Ipnopidae_37123000,Kyphosidae_Kyphosus.spp_37361903,Labridae_37384000,Latridae_other_37378000,Leiognathidae_37341000,Lethrinidae_Lethrinus.spp_37351902,Lophiiformes_37990052,Lutjanidae_37346932,Centriscidae: Macroramphosinae_Macroramphosus.spp_37279902,Macrouridae_37232929,Malacanthidae_Branchiostegus.spp_37331901,Melanostomiidae_37109000,Microcanthidae_Atypichthys.strigatus_37361010,Microdesmidae_37435000,Molidae_37470000,Monacanthidae_37465903,Monodactylidae_Monodactylus.argenteus_37356002,Monodactylidae_Schuettea.spp_37356902,Moridae_37224903,Mugilidae_Liza.argentea_37381004,Mugilidae_other_37381000,Mullidae_37355000,Myctophidae_37122000,Nemipteridae_37347000,Nomeidae_37446000,Notosudidae_37125000,Labridae: Odacinae_37385000,Ophidiidae_Genypterus.spp_37228901,Ophidiidae_other_37228961,Ostraciidae_37466912,Paralepididae_37126000,Paralichthyidae_Pseudorhombus.spp_37460919,Pegasidae_Pegasus.spp_37309902,Pempherididae_Pempheris.spp_37357903,Percophidae_37393900,Phosichthyidae_37106913,Pinguipedidae_37390000,Platycephalidae_Platycephalus.fuscus_37296004,Platycephalidae_other_37296900,Plesiopidae_37316000,Pleuronectidae_Rhombosolea.spp_37461912,Pleuronectidae_other_37461916,Pomacentridae_37372000,Pomatomidae_Pomatomus.saltatrix_37334002,Priacanthidae_37326000,Pseudochromidae_37313000,Samaridae_37461917,Labridae: Scarinae_37386000,Schindleriidae_Schindleria.spp_37424901,Sciaenidae_Argyrosomus.japonicus_37354001,Sciaenidae_Atractoscion.atelodus_37354020,Sciaenidae_other_37354000,Scombridae_Scomber.australasicus_37441001,Scombridae_other_37441000,Sebastidae_Helicolenus.spp_37287918,Neosebastidae_Neosebastes.spp_37287927,Tetrarogidae_Gymnapistes.marmoratus_37287018,Tetrarogidae_Centropogon.australis_37287048,Scorpaenidae_37287900,Scorpididae_Scorpis.spp_37361906,Serranidae_Acanthistius.spp_37311912,Siganidae_Siganus.spp_37438902,Sillaginidae_Sillago.robusta_37330005,Sillaginidae_Sillago.flindersi_37330014,Sillaginidae_Sillago.ciliata_37330010,Sillaginidae_Sillago.bassensis_37330002,Sillaginidae_other_37330000,Soleidae_37462000,Sparidae_Chrysophrys.auratus_37353001,Sparidae_Acanthopagrus.australis_37353004,Sparidae_Rhabdosargus.sarba_37353013,Sparidae_other_37353000,Sphyraenidae_Sphyraena.spp_37382901,Syngnathidae_Stigmatopora.nigra_37282018,Syngnathidae_other_37282000,Synodontidae_37118906,Terapontidae_Pelates.spp_37321908,Tetragonuridae_Tetragonurus.spp_37449901,Tetraodontidae_37467000,Trachichthyidae_Aulotrachichthys.spp_37255901,Trachichthyidae_other_37255000,Trichiuridae_Lepidopus.caudatus_37440002,Trichiuridae_other_37440000,Trichonotidae_Trichonotus.spp_37394901,Triglidae_Lepidotrigla.papilio_37288002,Triglidae_Lepidotrigla.spp_37288901,Triglidae_other_37288000,Tripterygiidae_37415000,Uranoscopidae_37400000,Zeidae_37264906,Pisces_unidentified_37000000,Malacosteidae_37110000,Scombridae_Acanthocybium.solandri_37441024,Pomacanthidae_37365901,Ephippidae_Platax.spp_37362902,Opistognathidae_37388000,Centriscidae_37280000,Oplegnathidae_37369000,Phycidae_Gaidropsarus.spp_37226902,Total_Abund,Station,SampleDateLocal,Month,Day,SampleDateUTC,CTD_SST_C,CTDChlF_mgm3,CTDSalinity,Biomass_mgm3,Season_Project
81,NRS_MAI,MAI20160209,2016,Summer,10/2/16 0:00,09:00:00,-42.59667,148.23333,Maria Island,537,South Cape,NA,Ring-500,86,NA,NA,NA,0,NA,NA,0,0,0,0,0,0,0,0,0,0,0,0,0,0,0,0,0,0,0,0,0,0,0,0,0,0,0,0,0,0,0,0,0,0,0,0,0,0,0,0,0,0,0,0,0,0,0,0,0,0,0,0,0,0,0,0,0,0,3,0,0,0,0,0,0,0,0,0,0,0,0,0,0,0,0,0,0,0,0,0,0,0,0,0,0,0,0,0,0,0,0,0,0,0,0,0,0,0,0,0,0,0,0,0,0,0,0,0,0,0,0,0,0,0,0,0,0,0,0,0,0,0,0,0,0,0,0,0,0,0,0,0,0,0,0,0,0,0,0,0,0,0,0,0,0,0,0,0,0,0,0,0,0,0,0,0,0,0,0,0,0,0,0,0,0,0,0,0,0,0,0,0,0,0,0,0,0,0,0,0,0,0,0,0,0,0,0,0,0,0,0,0,3,Maria Island,10/2/16 10:45,2,10,2016-02-09T23:45:00Z,19.95606429,0.105057143,35.32821429,4.24358,NRS_MAI_Summer
82,NRS_MAI,MAI20160209,2016,Summer,10/2/16 0:00,12:00:00,-42.59667,148.23333,Maria Island,501,South Cape,NA,Ring-500,86,NA,NA,NA,0,NA,NA,0,0,0,0,0,0,0,0,0,0,0,0,0,0,0,0,0,0,0,0,0,0,0,0,0,0,0,0,7,0,0,0,0,0,0,0,0,0,0,0,0,0,0,0,0,0,0,0,0,0,0,0,3,0,0,0,0,0,5,0,0,0,0,0,0,0,0,0,0,0,0,0,0,0,0,0,0,0,0,0,0,0,0,0,0,0,0,0,0,0,0,0,0,0,0,0,0,0,0,0,0,0,0,0,0,0,0,0,0,0,0,0,0,0,0,0,0,0,0,0,0,0,0,0,0,0,0,0,0,0,0,0,0,0,0,0,0,0,0,0,0,0,0,0,0,0,0,0,0,0,0,0,0,0,0,0,0,0,0,0,0,0,0,0,0,0,0,1,0,0,0,0,0,0,0,0,0,0,0,0,0,0,0,0,0,0,0,0,0,0,0,0,16,Maria Island,10/2/16 10:45,2,10,2016-02-09T23:45:00Z,19.95606429,0.105057143,35.32821429,4.24358,NRS_MAI_Summer
83,NRS_MAI,MAI20160303,2016,Autumn,4/3/16 0:00,09:15:00,-42.59667,148.23333,Maria Island,483.1,South Cape,NA,Ring-500,86,NA,NA,NA,0,NA,1 unknown,0,0,0,0,0,0,0,0,0,0,0,0,0,0,0,0,0,0,0,0,0,0,0,0,0,0,0,0,2,0,0,0,0,0,0,0,0,0,0,0,0,0,0,0,0,0,0,0,0,0,0,0,0,0,0,0,0,0,11,0,0,0,0,0,0,0,0,0,0,1,0,0,0,0,0,0,0,0,0,0,0,0,0,0,0,0,0,0,0,0,0,0,0,0,0,0,0,0,0,0,0,0,0,0,0,0,0,0,4,0,0,0,0,9,0,0,0,0,0,0,0,0,0,0,0,0,0,0,0,0,0,55,0,0,0,0,0,0,0,0,0,0,0,0,0,0,0,0,0,0,0,0,0,0,0,0,0,0,4,0,0,1,0,0,0,0,3,0,0,0,0,0,0,0,0,0,0,0,4,0,0,0,0,1,0,0,0,0,0,0,0,0,95,Maria Island,4/3/16 10:15,3,4,2016-03-03T23:15:00Z,19.2371,0.25805,35.60552143,9.8121,NRS_MAI_Autumn
84,NRS_MAI,MAI20160303,2016,Autumn,4/3/16 0:00,13:30:00,-42.59667,148.23333,Maria Island,418.5,South Cape,NA,Ring-500,86,NA,NA,NA,0,NA,30 unknown,0,0,0,0,0,0,0,0,0,0,0,0,0,0,0,0,0,0,0,0,0,0,0,0,0,0,0,0,5,0,0,0,0,0,0,1,0,0,14,0,0,0,0,0,0,0,0,0,0,0,0,0,0,0,0,0,0,0,6,0,0,0,0,0,0,0,0,0,0,0,0,0,0,0,0,0,0,0,0,0,0,0,0,0,0,0,0,0,0,0,0,0,0,0,0,0,0,0,0,0,0,1,0,0,0,0,0,0,3,0,0,0,0,23,0,0,0,0,0,0,0,0,0,0,0,0,0,0,0,0,0,17,0,0,0,0,0,0,0,0,0,0,0,0,0,0,0,0,0,0,0,0,0,0,0,0,0,0,0,0,0,0,0,0,0,0,0,1,0,0,0,0,0,0,0,0,0,0,10,0,0,0,0,30,0,0,0,0,0,0,0,0,111,Maria Island,4/3/16 10:15,3,4,2016-03-03T23:15:00Z,19.2371,0.25805,35.60552143,9.8121,NRS_MAI_Autumn
85,NRS_MAI,MAI20160321,2016,Autumn,22/3/16 0:00,09:35:00,-42.59667,148.23333,Maria Island,339.9,South Cape,NA,Ring-500,86,NA,NA,NA,0,NA,3 unknown,0,0,0,0,0,0,0,0,0,0,0,0,0,0,0,0,0,0,0,0,0,0,0,0,0,0,0,0,0,0,0,0,0,0,0,0,0,0,0,0,0,0,0,0,0,0,0,0,0,0,0,0,0,0,0,0,0,0,0,0,0,0,0,0,0,0,0,0,0,0,0,0,0,0,0,0,0,0,0,0,0,0,0,0,0,0,0,0,0,0,0,0,0,0,0,0,0,0,0,0,0,0,0,0,0,0,0,0,0,0,0,0,0,0,0,0,0,0,0,0,0,0,0,0,0,0,0,0,0,0,0,0,0,0,0,0,0,0,0,0,0,0,0,0,0,0,0,0,0,0,0,0,0,0,0,0,0,0,0,0,0,0,0,0,0,0,0,0,0,0,0,0,0,0,0,0,0,0,0,0,0,0,0,3,0,0,0,0,0,0,0,0,3,Maria Island,22/3/16 10:11,3,22,2016-03-21T23:11:00Z,19.77705385,0.087515385,35.64800769,6.08246,NRS_MAI_Autumn
86,NRS_MAI,MAI20160321,2016,Autumn,22/3/16 0:00,12:10:00,-42.59667,148.23333,Maria Island,261.9,South Cape,NA,Ring-500,86,NA,NA,NA,0,NA,7 unknown,0,0,0,0,0,0,0,0,0,0,0,0,0,0,0,0,0,0,0,0,0,0,0,0,0,0,0,0,8,0,0,0,0,0,0,0,0,0,8,0,0,0,0,0,0,0,0,0,0,0,0,0,0,0,0,0,0,0,6,0,0,0,0,0,0,0,0,0,0,0,0,0,0,0,0,0,0,0,0,0,0,0,0,0,0,0,0,0,0,0,0,0,0,0,0,0,0,0,0,0,0,0,0,0,0,0,0,0,0,0,0,0,0,0,0,0,0,0,0,1,0,0,0,0,0,0,0,0,0,0,0,0,0,0,0,0,0,0,0,0,0,0,0,0,0,0,0,0,0,0,0,0,0,0,0,0,0,0,0,0,0,0,0,0,0,0,0,0,0,0,0,0,0,0,0,0,0,0,1,0,0,0,0,7,0,0,0,0,0,0,0,3,34,Maria Island,22/3/16 10:11,3,22,2016-03-21T23:11:00Z,19.77705385,0.087515385,35.64800769,6.08246,NRS_MAI_Autumn
87,NRS_MAI,MAI20160428,2016,Autumn,28/4/16 0:00,10:10:00,-42.59667,148.23333,Maria Island,555,South Cape,18,Ring-500,86,NA,NA,NA,0,NA,NA,0,0,0,0,0,0,0,0,0,0,0,0,0,0,0,0,0,0,0,0,0,0,0,0,0,0,0,0,5,0,0,0,0,0,0,2,0,0,3,0,0,0,0,0,0,0,0,0,0,0,0,0,1,0,0,0,0,0,5,0,0,0,0,0,0,0,0,0,0,0,0,0,0,0,0,0,0,0,0,0,0,0,0,0,0,0,0,0,0,0,0,0,0,0,0,0,0,0,0,0,0,0,0,0,0,0,0,0,0,0,0,2,0,0,0,2,0,0,0,0,0,0,0,0,0,0,0,0,0,0,0,0,0,0,0,0,0,0,0,0,0,0,0,0,0,0,0,0,0,0,0,0,0,0,0,0,0,0,0,0,0,0,0,0,0,0,0,0,0,0,0,0,0,0,0,0,0,0,0,0,0,0,0,0,0,0,0,0,0,0,0,0,20,Maria Island,28/4/16 10:47,4,28,2016-04-28T00:47:00Z,17.58068462,0.816330769,35.64877692,13.58417,NRS_MAI_Autumn
88,NRS_MAI,MAI20160428,2016,Autumn,28/4/16 0:00,13:16:00,-42.59667,148.23333,Maria Island,475.6,South Cape,19,Ring-500,86,NA,NA,NA,0,NA,1 unknown,0,0,0,0,0,0,0,0,0,0,0,0,0,0,0,0,0,0,0,0,0,0,0,0,0,0,0,0,3,0,0,1,0,0,0,0,0,0,1,0,0,0,0,0,0,0,0,0,0,0,0,0,1,0,0,0,0,0,1,0,0,0,0,0,0,0,0,0,0,0,0,0,0,0,0,0,0,0,0,0,0,0,0,0,0,0,0,0,0,0,0,0,0,0,0,0,0,0,0,0,0,0,0,0,0,0,0,0,0,0,0,2,0,0,0,1,0,0,0,0,0,0,0,0,0,0,0,0,0,0,0,0,0,0,0,0,0,0,0,0,0,0,0,0,0,0,0,0,0,0,0,0,0,0,0,0,0,0,0,0,0,0,0,0,0,0,0,0,0,0,0,0,0,0,0,0,0,0,0,0,0,0,0,1,0,0,0,0,0,0,0,1,12,Maria Island,28/4/16 10:47,4,28,2016-04-28T00:47:00Z,17.58068462,0.816330769,35.64877692,13.58417,NRS_MAI_Autumn
96,NRS_MAI,MAI20160530,2016,Autumn,31/5/16 0:00,09:45:00,-42.59667,148.23333,Maria Island,699.81,South Cape,25,Ring-500,86,NA,NA,NA,0,NA,NA,0,0,0,0,0,0,0,0,0,0,0,0,0,0,0,0,0,0,0,0,0,0,0,0,0,0,0,0,0,0,0,0,0,0,0,0,0,0,0,0,0,0,0,0,0,0,0,0,0,0,0,0,0,0,0,0,0,0,1,0,0,0,0,0,0,0,0,0,0,0,0,0,0,0,0,0,0,0,0,0,0,0,0,0,0,0,0,0,0,0,0,0,0,0,0,0,0,0,0,0,0,0,0,0,0,0,0,0,0,0,0,0,0,0,0,1,0,0,0,0,0,0,0,0,0,0,0,0,0,0,0,0,0,0,0,0,0,0,0,0,0,0,0,0,0,0,0,0,0,0,0,0,0,0,0,0,0,0,0,0,0,0,0,0,0,0,0,0,0,0,0,0,0,0,0,0,0,0,0,0,0,0,0,0,0,0,0,0,0,0,0,0,2,Maria Island,31/5/16 9:45,5,31,2016-05-30T23:45:00Z,14.39147692,0.184615385,35.49644615,3.78621,NRS_MAI_Autumn
97,NRS_MAI,MAI20160530,2016,Autumn,31/5/16 0:00,12:45:00,-42.59667,148.23333,Maria Island,457.4,South Cape,27,Ring-500,86,NA,NA,NA,0,NA,NA,0,0,0,0,0,0,0,0,0,0,0,0,0,0,0,0,0,0,0,0,0,0,0,0,0,0,0,0,0,0,0,0,0,0,0,0,0,0,0,0,0,0,0,0,0,0,0,0,0,0,0,0,0,0,0,0,0,0,0,0,0,0,0,0,0,0,0,0,0,0,0,0,0,0,0,0,0,0,0,0,0,0,0,0,0,0,0,0,0,0,0,0,0,0,0,0,0,0,0,0,0,0,0,0,0,0,0,0,0,0,0,0,0,0,0,0,0,0,0,0,0,0,0,0,0,0,0,0,0,0,0,0,0,0,1,0,0,0,0,0,0,0,0,0,0,0,0,0,0,0,0,0,0,0,0,0,0,0,0,0,0,0,0,0,0,0,0,0,0,0,0,0,0,0,0,0,0,0,0,0,0,0,0,0,0,0,0,0,0,0,0,0,1,Maria Island,31/5/16 9:45,5,31,2016-05-30T23:45:00Z,14.39147692,0.184615385,35.49644615,3.78621,NRS_MAI_Autumn
109,NRS_MAI,MAI20160630,2016,Winter,1/7/16 0:00,10:05:00,-42.59667,148.23333,Maria Island,542,South Cape,24,Ring-500,86,NA,NA,NA,0,NA,1 unknown,0,0,0,0,0,0,0,0,0,0,0,0,0,0,0,0,0,0,0,0,0,0,0,0,0,0,0,0,0,0,0,0,0,0,0,0,0,0,0,0,0,0,0,0,0,0,0,0,0,0,0,0,0,0,0,0,0,0,0,0,0,0,0,0,0,0,0,0,0,0,0,0,0,0,0,0,0,0,0,0,0,0,0,0,0,0,0,0,0,0,0,0,0,0,0,0,0,0,0,0,0,0,0,0,0,0,0,0,0,0,0,0,0,0,0,0,0,0,0,0,0,0,0,0,0,0,0,0,0,0,0,0,0,0,0,0,0,0,0,0,0,0,0,0,0,0,0,0,0,0,0,0,0,0,0,0,0,0,0,0,0,0,0,0,0,0,0,1,0,0,0,0,0,0,0,0,0,0,0,0,0,0,0,1,0,0,0,0,0,0,0,0,2,Maria Island,1/7/16 9:30,7,1,2016-06-30T23:30:00Z,13.30076429,0.182792857,35.29587857,0.40078,NRS_MAI_Winter
110,NRS_MAI,MAI20160630,2016,Winter,1/7/16 0:00,13:19:00,-42.59667,148.23333,Maria Island,438.9,South Cape,30,Ring-500,86,NA,NA,NA,0,NA,1 unknown,0,0,0,0,0,0,0,0,0,0,0,0,0,0,0,0,0,0,0,0,0,0,0,0,0,0,0,0,0,0,0,0,0,0,0,0,0,0,0,0,0,0,0,0,0,0,0,0,0,0,0,0,0,0,0,0,0,0,0,0,0,0,0,0,0,0,0,0,0,0,0,0,0,0,0,0,0,0,0,0,0,0,0,0,0,0,0,0,0,0,0,0,0,0,0,0,0,0,0,0,0,0,0,0,0,0,0,0,0,0,0,0,0,0,0,0,0,0,0,0,0,0,0,0,0,0,0,0,0,0,0,0,0,0,0,0,0,0,0,0,0,0,0,0,0,0,0,0,0,0,0,0,0,0,0,0,0,0,0,0,0,0,0,0,0,0,0,0,0,0,0,0,0,0,0,0,0,0,0,0,0,0,0,1,0,0,0,0,0,0,0,0,1,Maria Island,1/7/16 9:30,7,1,2016-06-30T23:30:00Z,13.30076429,0.182792857,35.29587857,0.40078,NRS_MAI_Winter
112,NRS_MAI,MAI20160720,2016,Winter,21/7/16 0:00,12:30:00,-42.59667,148.23333,Maria Island,400.9,South Cape,30,Ring-500,86,NA,NA,NA,0,NA,NA,0,0,0,0,0,0,0,0,0,0,0,0,0,0,0,0,0,0,0,0,0,0,0,0,0,0,0,0,0,0,0,0,0,0,0,0,0,0,0,0,0,0,0,0,0,0,0,0,0,0,0,0,0,0,0,0,0,0,0,0,0,0,0,0,0,0,0,0,0,0,0,0,0,0,0,0,0,0,0,0,0,0,0,0,0,0,0,0,0,0,0,0,0,0,0,0,0,0,0,0,0,0,0,0,0,0,0,0,0,0,0,0,0,0,0,0,0,0,0,0,0,0,0,0,0,0,0,0,0,0,0,3,0,0,0,0,0,0,0,0,0,0,0,0,0,0,0,0,0,0,0,0,0,0,0,0,0,0,0,0,0,0,0,0,0,0,0,0,0,0,0,0,0,0,0,0,0,0,0,0,0,0,0,0,0,0,0,0,0,0,0,0,3,Maria Island,21/7/16 9:30,7,21,2016-07-20T23:30:00Z,12.99323571,0.105207143,35.23702857,0.32534,NRS_MAI_Winter
135,NRS_MAI,MAI20160831,2016,Winter,31/8/16 0:00,09:50:00,-42.59667,148.23333,Maria Island,399.8,South Cape,NA,Ring-500,86,NA,NA,NA,0,NA,NA,0,0,0,0,0,0,49,0,0,0,0,0,0,0,0,0,0,0,0,0,0,0,0,0,0,0,0,0,0,0,0,0,0,0,0,0,0,0,0,0,0,0,0,0,3,0,0,0,0,0,0,0,0,0,0,0,0,0,0,0,0,0,0,0,0,0,0,0,0,0,0,0,0,0,0,0,0,0,0,0,0,0,0,0,0,0,0,0,0,0,0,0,0,0,0,0,0,0,0,0,0,0,0,0,0,0,0,0,0,0,0,2,0,0,0,0,0,0,0,0,0,0,0,0,0,0,0,0,0,0,0,0,0,0,3,0,0,0,0,0,0,0,0,0,0,0,0,3,0,0,0,9,0,0,0,0,0,0,0,0,0,0,0,0,0,0,0,0,0,0,0,0,0,0,0,0,0,0,0,0,0,0,0,0,0,0,0,0,0,0,0,0,69,Maria Island,31/8/16 10:26,8,31,2016-08-31T00:26:00Z,12.43885714,0.384721429,35.22074286,2.88563,NRS_MAI_Winter
136,NRS_MAI,MAI20160831,2016,Winter,31/8/16 0:00,13:06:00,-42.59667,148.23333,Maria Island,437,South Cape,NA,Ring-500,86,NA,NA,NA,0,NA,3 unknown,0,0,0,0,0,0,5,0,0,0,0,0,0,0,0,0,0,0,0,0,0,0,0,0,0,0,0,0,0,0,0,0,0,0,0,0,0,0,0,0,0,0,0,0,39,0,0,0,0,0,0,0,0,0,0,0,0,0,0,0,0,0,0,0,0,0,0,0,0,0,0,0,0,0,0,0,0,0,0,0,0,0,0,0,0,0,0,0,0,0,0,0,0,0,0,0,0,0,0,0,0,0,6,0,0,0,0,0,0,0,0,0,0,0,0,13,0,0,0,0,0,0,0,0,0,0,0,0,0,0,0,0,0,0,1,0,0,0,0,0,0,0,0,0,0,0,0,0,0,0,0,1,0,0,0,0,0,0,0,0,0,0,0,0,0,0,0,0,0,0,0,0,0,0,0,0,0,0,0,0,0,0,0,3,0,0,0,0,0,0,0,0,68,Maria Island,31/8/16 10:26,8,31,2016-08-31T00:26:00Z,12.43885714,0.384721429,35.22074286,2.88563,NRS_MAI_Winter
137,NRS_MAI,MAI20160927,2016,Spring,27/9/16 0:00,09:40:00,-42.59667,148.23333,Maria Island,507.6,South Cape,NA,Ring-500,86,NA,NA,NA,0,NA,6 damaged; 13 unknown,0,0,0,0,0,0,15,0,0,0,0,0,0,0,0,0,0,0,0,0,0,0,0,0,0,0,0,0,0,0,0,0,0,0,0,1,0,0,0,0,0,0,0,0,15,0,0,0,0,0,0,0,0,0,0,0,0,0,1,0,0,0,0,0,0,0,0,0,0,0,0,0,0,0,0,0,0,2,0,0,0,0,0,0,0,0,0,0,0,0,0,0,0,0,0,4,0,0,0,0,0,0,0,0,0,0,0,0,0,0,0,0,0,0,0,2,0,0,0,0,0,5,0,0,0,0,0,0,0,0,0,8,0,0,6,0,0,0,0,0,0,0,0,0,0,0,0,1,0,0,0,3,0,0,0,0,0,0,0,0,0,0,0,0,0,0,0,0,0,0,0,0,0,0,0,0,0,0,6,0,0,0,0,19,0,0,0,0,0,0,0,0,88,Maria Island,27/9/16 10:10,9,27,2016-09-27T00:10:00Z,12.97627857,0.344542857,35.10126429,10.4675,NRS_MAI_Spring
138,NRS_MAI,MAI20160927,2016,Spring,27/9/16 0:00,12:48:00,-42.59667,148.23333,Maria Island,438.4,South Cape,NA,Ring-500,86,NA,NA,NA,0,NA,1 damaged; 24 unknown,0,0,0,0,0,0,18,0,0,0,0,0,0,0,0,0,0,0,0,0,0,0,0,0,0,0,0,0,1,0,0,0,0,0,0,0,0,0,0,0,0,0,0,0,6,0,0,0,0,0,0,0,1,0,0,0,0,0,0,0,0,0,0,0,0,0,0,0,0,0,0,0,0,0,0,0,0,0,0,0,0,0,0,0,0,0,0,0,0,0,0,0,0,0,0,6,0,0,0,0,0,0,0,0,0,0,0,0,0,0,0,1,0,0,0,3,0,0,0,0,2,0,0,0,0,0,0,0,0,0,0,4,0,0,8,0,0,0,0,0,0,0,0,0,0,0,0,1,0,0,0,5,0,0,0,0,0,0,0,0,0,0,0,0,0,0,0,0,0,0,0,0,0,0,0,0,0,0,3,0,0,0,0,25,0,0,0,0,0,0,0,0,84,Maria Island,27/9/16 10:10,9,27,2016-09-27T00:10:00Z,12.97627857,0.344542857,35.10126429,10.4675,NRS_MAI_Spring
168,NRS_MAI,MAI20161117,2016,Spring,18/11/16 0:00,09:55:00,-42.59667,148.23333,Maria Island,493.3,South Cape,20,Ring-500,86,NA,NA,NA,0,NA,1 unknown,0,0,0,0,0,0,0,0,0,0,0,0,0,0,0,0,0,0,0,0,0,0,0,0,0,0,0,0,0,0,0,0,0,0,0,0,0,0,0,0,0,0,0,0,0,0,0,0,0,0,0,0,0,0,0,0,0,0,0,0,0,0,0,0,0,0,0,0,0,0,0,0,0,0,0,0,0,0,0,0,0,0,0,0,0,0,0,0,0,0,0,0,0,0,0,0,0,0,0,0,0,0,0,0,0,0,0,0,0,0,0,0,0,0,0,1,0,0,0,0,0,0,0,0,0,0,0,0,0,0,0,11,0,0,14,0,0,0,0,0,0,0,0,0,0,0,1,0,0,0,0,0,0,0,0,0,0,0,0,0,0,0,0,0,0,0,0,0,0,0,0,0,0,0,0,0,0,0,0,0,0,0,0,1,0,0,0,0,0,0,0,2,30,Maria Island,18/11/16 9:10,11,18,2016-11-17T22:10:00Z,NA,NA,NA,5.67696,NRS_MAI_Spring
169,NRS_MAI,MAI20161117,2016,Spring,18/11/16 0:00,11:26:00,-42.59667,148.23333,Maria Island,456.7,South Cape,24,Ring-500,86,NA,NA,NA,0,NA,NA,0,0,0,0,0,0,0,0,0,0,0,0,0,0,0,0,0,0,0,0,0,0,0,1,0,0,0,0,0,0,0,0,0,0,0,0,0,0,0,0,0,0,0,0,0,0,0,0,0,0,0,0,0,0,0,0,0,0,0,0,0,0,0,0,0,0,0,0,0,0,0,0,0,0,0,0,0,0,0,0,0,0,0,0,0,0,0,0,0,0,0,0,0,0,0,1,0,0,0,0,0,0,0,0,0,0,0,0,6,0,0,0,0,0,0,0,0,0,0,0,1,0,0,0,0,0,0,0,0,0,0,24,0,0,2,0,0,0,0,0,0,0,0,0,0,0,0,0,0,0,0,0,0,0,0,0,0,0,0,0,0,0,0,0,0,0,0,0,0,0,0,0,0,0,0,0,0,0,0,0,0,0,0,0,0,0,0,0,0,0,0,0,35,Maria Island,18/11/16 9:10,11,18,2016-11-17T22:10:00Z,NA,NA,NA,5.67696,NRS_MAI_Spring
170,NRS_MAI,MAI20170104,2017,Summer,5/1/17 0:00,10:35:00,-42.59667,148.23333,Maria Island,271.8,South Cape,25,Ring-500,86,NA,NA,NA,0,NA,NA,0,0,0,0,0,0,0,0,0,0,0,0,0,0,0,0,0,0,0,0,0,0,0,0,0,0,0,0,2,0,0,0,0,0,0,0,0,0,6,0,0,0,0,0,0,0,0,0,0,0,0,0,0,0,0,0,0,0,1,0,0,0,0,0,0,0,0,0,0,0,0,0,0,0,0,0,0,0,0,0,0,0,0,0,0,0,0,0,0,0,0,0,0,0,0,0,0,0,0,0,0,0,0,0,0,0,0,0,0,0,0,1,0,0,0,0,0,0,0,0,0,0,0,0,0,0,0,0,0,0,0,1,0,0,0,0,0,0,0,0,0,0,0,0,0,0,0,0,0,0,0,0,0,0,0,0,0,0,0,0,0,0,0,0,0,0,0,0,0,0,0,0,0,0,0,0,0,7,0,0,0,0,0,0,0,0,0,0,0,0,0,0,18,Maria Island,5/1/17 9:45,1,5,2017-01-04T22:45:00Z,16.77064286,0.162664286,35.23462143,10.92486,NRS_MAI_Summer
171,NRS_MAI,MAI20170104,2017,Summer,5/1/17 0:00,13:12:00,-42.59667,148.23333,Maria Island,451.31,South Cape,21,Ring-500,86,NA,NA,NA,0,NA,4 damaged,0,0,0,0,0,0,0,0,0,0,0,0,0,0,0,0,0,0,0,0,0,0,0,0,0,0,0,0,0,0,0,0,0,0,0,0,0,0,0,0,0,0,0,0,0,0,0,0,0,0,0,0,0,0,0,0,0,0,0,0,0,0,0,0,0,0,0,0,0,0,0,0,0,0,0,0,0,0,0,0,0,0,0,0,0,0,0,0,0,0,0,0,0,0,0,0,0,0,0,0,0,0,0,0,0,0,0,0,1,0,0,0,0,0,0,0,0,0,0,0,0,0,0,0,0,0,0,0,0,0,0,0,0,0,0,0,0,0,0,0,0,0,0,0,0,0,0,0,0,0,0,0,0,0,0,0,0,0,0,0,0,0,0,0,0,0,0,0,0,0,0,0,0,0,0,0,0,0,0,0,0,0,0,4,0,0,0,0,0,0,0,0,5,Maria Island,5/1/17 9:45,1,5,2017-01-04T22:45:00Z,16.77064286,0.162664286,35.23462143,10.92486,NRS_MAI_Summer
172,NRS_MAI,MAI20170223,2017,Summer,24/2/17 0:00,12:43:00,-42.59667,148.23333,Maria Island,395.2,South Cape,29,Ring-500,86,NA,NA,NA,0,NA,NA,0,0,0,0,0,0,0,0,0,0,0,0,0,0,0,0,0,0,0,0,0,0,0,0,0,0,0,0,0,0,0,0,0,0,0,0,0,0,2,0,0,0,0,0,0,0,0,0,0,0,0,0,0,0,0,0,0,0,0,0,0,0,0,0,0,0,0,0,0,0,0,0,0,0,0,0,0,0,0,0,0,0,0,0,0,0,0,0,0,0,0,0,0,0,0,0,0,0,0,0,0,0,0,0,0,0,0,0,3,0,0,0,0,0,0,1,0,0,0,0,0,0,0,0,0,0,0,0,0,0,0,0,0,0,0,0,0,0,0,0,0,0,0,0,0,0,0,0,0,0,0,0,0,0,0,0,0,0,0,0,0,0,0,0,0,0,0,0,0,0,0,0,0,0,0,0,0,0,0,0,0,0,0,0,0,0,0,0,0,0,0,0,6,Maria Island,24/2/17 8:50,2,24,2017-02-23T21:50:00Z,17.64873571,0.510442857,35.51957143,17.285520000000002,NRS_MAI_Summer
173,NRS_MAI,MAI20170223,2017,Summer,24/2/17 0:00,12:51:00,-42.59667,148.23333,Maria Island,434.3,South Cape,23,Ring-500,86,NA,NA,NA,0,NA,1 unknown,0,0,0,0,0,0,3,0,0,0,0,0,0,0,1,0,0,0,0,0,0,0,0,0,0,0,0,0,0,0,0,0,0,0,0,0,0,0,0,0,0,0,0,0,0,0,0,0,0,0,0,0,0,0,0,0,0,0,2,0,0,0,0,0,0,0,0,0,0,0,0,0,0,0,0,0,0,0,0,0,0,0,0,0,0,0,0,0,0,0,0,0,0,0,0,1,0,0,0,0,0,0,0,0,0,0,0,0,25,0,0,0,0,0,0,0,0,0,0,0,0,0,0,0,0,1,0,0,0,0,0,7,0,0,0,0,0,0,0,0,0,0,0,0,0,0,0,0,0,0,0,1,0,0,0,0,0,0,0,0,0,0,0,0,0,0,0,0,0,0,0,0,0,0,0,0,0,0,1,0,0,0,0,1,0,0,0,0,0,0,0,0,43,Maria Island,24/2/17 8:50,2,24,2017-02-23T21:50:00Z,17.64873571,0.510442857,35.51957143,17.285520000000002,NRS_MAI_Summer
194,NRS_MAI,MAI20170323,2017,Autumn,24/3/17 0:00,13:05:00,-42.59667,148.23333,Maria Island,474.5,South Cape,NA,Ring-500,86,NA,NA,NA,0,NA,NA,0,0,0,0,0,0,0,0,0,0,0,0,0,0,0,0,0,0,0,0,0,0,0,0,0,0,0,0,35,0,0,0,0,0,0,0,0,0,2,0,0,0,0,0,0,0,0,0,0,0,0,0,4,0,0,0,0,0,22,0,0,0,0,0,0,0,0,0,0,0,0,0,0,0,0,0,0,0,0,0,0,0,0,0,0,0,0,0,0,0,0,0,0,0,0,0,0,0,0,0,0,0,0,0,0,0,0,0,2,0,0,0,0,0,0,0,0,0,0,0,0,0,0,0,0,0,0,0,0,0,0,2,0,0,0,1,0,0,0,0,0,0,0,0,0,0,0,0,0,0,0,1,0,0,0,0,0,0,0,0,0,0,0,0,0,0,0,0,0,0,0,0,0,0,0,0,0,0,0,0,0,0,0,0,0,0,0,0,0,0,0,0,69,Maria Island,24/3/17 9:30,3,24,2017-03-23T22:30:00Z,17.92809286,0.081221429,35.54781429,8.88323,NRS_MAI_Autumn
195,NRS_MAI,MAI20170323,2017,Autumn,24/3/17 0:00,12:48:00,-42.59667,148.23333,Maria Island,432.5,South Cape,NA,Ring-500,86,NA,NA,NA,0,NA,1 unknown,0,0,0,0,0,0,0,0,0,0,0,0,0,0,0,0,0,0,0,0,0,0,0,0,0,0,0,0,11,0,0,0,0,0,0,0,0,0,0,0,0,0,0,0,0,0,0,0,0,0,0,0,5,0,0,0,0,0,6,0,0,0,0,0,0,0,0,0,0,0,0,0,0,1,0,0,0,0,0,0,0,0,0,0,0,0,0,0,0,0,0,0,0,0,0,0,0,0,0,0,0,0,0,0,0,0,0,0,2,0,0,0,0,0,0,0,0,0,0,0,0,0,0,0,0,0,0,0,0,0,0,3,0,0,0,0,0,0,0,0,0,0,0,0,0,0,0,0,0,0,0,0,0,0,0,0,0,0,0,0,0,0,0,0,0,0,0,0,0,0,0,0,0,0,0,0,0,0,0,0,0,0,0,1,0,0,0,0,0,0,0,0,29,Maria Island,24/3/17 9:30,3,24,2017-03-23T22:30:00Z,17.92809286,0.081221429,35.54781429,8.88323,NRS_MAI_Autumn
196,NRS_MAI,MAI20170412,2017,Autumn,12/4/17 0:00,12:00:00,-42.59667,148.23333,Maria Island,439.2,South Cape,24,Ring-500,86,NA,NA,NA,0,NA,NA,0,0,0,0,0,0,0,0,0,0,0,0,0,0,0,0,0,0,0,0,0,0,0,0,0,0,0,0,2,0,0,0,0,0,0,0,0,0,0,0,0,0,0,0,0,0,0,0,0,0,0,0,0,0,0,0,0,0,0,0,0,0,0,0,0,0,0,0,0,0,0,0,0,0,0,0,0,0,0,0,0,0,0,0,0,0,0,0,0,0,0,0,0,0,0,0,0,0,0,0,0,0,0,0,0,0,0,0,0,0,0,0,0,0,0,0,0,0,0,0,0,0,0,0,0,0,0,0,0,0,0,0,0,0,0,0,0,0,0,0,0,0,0,0,0,0,0,0,0,0,0,0,0,0,0,0,0,0,0,0,0,0,0,0,0,0,0,0,0,0,0,0,0,0,0,0,0,0,0,0,0,0,0,0,0,0,0,0,0,0,0,0,2,Maria Island,12/4/17 10:15,4,12,2017-04-12T00:15:00Z,16.44244286,0.2024,35.41163571,10.2506,NRS_MAI_Autumn
197,NRS_MAI,MAI20170412,2017,Autumn,12/4/17 0:00,12:15:00,-42.59667,148.23333,Maria Island,395.2,South Cape,47,Ring-500,86,NA,NA,NA,0,NA,NA,0,0,0,0,0,0,0,0,0,0,0,0,0,0,0,0,0,0,0,0,0,0,0,0,0,0,0,0,2,0,0,0,0,0,0,0,0,0,0,0,0,0,0,0,0,0,0,0,0,0,0,0,1,0,0,0,0,0,1,0,0,0,0,0,0,0,0,0,0,0,0,0,0,0,0,0,0,0,0,0,0,0,0,0,0,0,0,0,0,0,0,0,0,0,0,0,0,0,0,0,0,0,0,0,0,0,0,0,0,0,0,0,0,0,0,0,0,0,0,0,0,0,0,0,0,0,0,0,0,0,0,0,0,0,0,0,0,0,0,0,0,0,0,0,0,0,0,0,0,0,0,0,0,0,0,0,0,0,0,0,0,0,0,0,0,0,0,0,0,0,0,0,0,0,0,0,0,0,0,0,0,0,0,0,0,0,0,0,0,0,0,0,4,Maria Island,12/4/17 10:15,4,12,2017-04-12T00:15:00Z,16.44244286,0.2024,35.41163571,10.2506,NRS_MAI_Autumn
256,NRS_MAI,MAI20171123,2017,Spring,24/11/17 0:00,12:05:00,-42.59667,148.23333,Maria Island,401.5,South Cape,NA,Ring-500,86,NA,NA,NA,0,NA,NA,0,0,0,0,0,0,0,0,0,0,0,0,0,0,0,0,0,0,0,0,0,0,0,0,0,0,0,0,0,0,0,0,0,0,0,0,0,0,0,0,0,0,0,0,0,0,0,0,0,0,0,0,0,0,0,0,0,0,0,0,0,0,0,0,0,0,0,0,0,0,0,0,0,0,0,0,0,0,0,0,0,0,0,0,0,0,0,1,0,0,0,0,0,0,0,0,0,0,0,0,0,0,0,0,0,0,0,0,0,0,0,0,0,0,0,1,0,0,0,0,0,0,0,0,0,0,0,0,0,0,0,0,0,0,0,0,0,0,0,0,0,0,0,0,0,0,0,0,0,0,0,0,0,0,0,0,0,0,0,0,0,0,0,0,0,0,0,0,0,0,0,0,0,0,0,0,0,0,0,0,0,0,0,0,0,0,0,0,0,0,0,0,2,Maria Island,24/11/17 9:50,11,24,2017-11-23T22:50:00Z,15.20015714,0.48445,35.15844286,14.23957,NRS_MAI_Spring
298,NRS_MAI,MAI20171217,2017,Summer,18/12/17 0:00,11:45:00,-42.59667,148.23333,Maria Island,445,South Cape,NA,Ring-500,86,NA,NA,NA,0,NA,NA,0,0,0,0,0,0,0,0,0,0,0,0,0,0,0,0,0,0,0,0,0,0,0,0,0,0,0,0,0,0,0,0,0,0,0,0,0,0,0,0,0,0,0,0,0,0,0,0,0,0,0,0,0,0,0,0,0,0,0,0,0,0,0,0,0,0,0,0,0,0,0,0,0,0,0,0,0,0,0,0,0,0,0,0,0,0,0,0,0,0,0,0,0,0,0,0,0,0,0,0,0,0,0,0,0,0,0,0,0,0,0,0,0,0,0,2,0,0,0,0,0,0,0,0,0,0,0,0,0,0,0,0,0,0,0,0,0,0,0,0,0,0,0,0,0,0,0,0,0,0,0,0,0,0,0,0,0,0,0,0,0,0,0,0,0,0,0,0,0,0,0,0,0,0,0,0,0,0,0,0,0,0,0,0,0,0,0,0,0,0,0,0,2,Maria Island,18/12/17 9:40,12,18,2017-12-17T22:40:00Z,17.43775,0.15061428599999999,35.44596429,13.98024,NRS_MAI_Summer
276,NRS_MAI,MAI20180301,2018,Autumn,2/3/18 0:00,12:02:00,-42.59667,148.23333,Maria Island,377.9956677,South Cape,NA,Ring-500,86,NA,NA,NA,0,NA,NA,0,0,0,0,0,0,0,0,0,0,0,0,0,0,0,0,0,0,0,0,0,0,0,1,0,0,0,0,1,0,0,0,0,0,0,0,0,0,1,0,0,0,0,0,0,0,0,0,0,0,0,0,0,0,0,0,0,0,0,0,0,0,0,0,0,0,0,0,0,1,0,0,0,0,0,0,0,0,0,0,0,0,0,0,0,0,0,0,0,0,0,0,0,0,0,0,0,0,0,0,0,0,0,0,0,0,0,0,3,0,0,0,0,0,0,0,0,0,0,0,0,0,0,0,0,0,0,0,0,0,0,4,0,0,0,0,0,0,0,0,0,0,0,0,0,0,0,0,0,0,0,0,0,0,0,0,0,0,1,0,0,0,0,0,0,0,0,0,0,0,0,0,0,0,0,0,0,0,0,0,1,0,0,0,0,0,0,0,0,0,0,0,13,Maria Island,2/3/18 9:30,3,2,2018-03-01T22:30:00Z,18.04017143,0.308178571,35.53960714,28.73376,NRS_MAI_Autumn
277,NRS_MAI,MAI20180301,2018,Autumn,2/3/18 0:00,12:21:00,-42.59667,148.23333,Maria Island,297.2972219,South Cape,NA,Ring-500,86,NA,NA,NA,0,NA,NA,0,0,0,0,0,0,0,0,0,0,0,0,0,0,0,0,0,0,0,0,0,0,0,0,0,0,0,0,0,0,0,0,0,0,0,0,0,0,2,0,0,0,3,0,0,0,0,0,0,0,0,0,0,0,0,0,0,0,0,0,0,0,0,0,0,0,0,0,0,0,0,0,0,0,0,0,0,0,0,0,0,0,0,0,0,0,0,0,0,0,0,0,0,0,0,0,0,0,0,0,0,0,0,0,0,0,0,0,6,0,0,0,0,1,0,0,0,0,0,0,0,0,0,0,0,1,0,0,0,0,0,8,0,0,0,0,0,0,0,0,0,0,0,0,0,0,0,0,0,0,0,0,0,0,0,0,0,0,0,0,0,0,0,0,0,0,0,0,0,0,0,0,0,0,0,0,0,0,2,0,0,0,0,0,0,0,0,0,0,0,0,0,23,Maria Island,2/3/18 9:30,3,2,2018-03-01T22:30:00Z,18.04017143,0.308178571,35.53960714,28.73376,NRS_MAI_Autumn
300,NRS_MAI,MAI20180315,2018,Autumn,16/3/18 0:00,11:13:00,-42.59667,148.23333,Maria Island,504.3195385,South Cape,23,Ring-500,86,NA,NA,NA,0,NA,NA,0,0,0,0,0,0,0,0,0,0,0,0,0,0,0,0,0,0,0,0,0,0,0,0,0,0,0,0,16,0,0,0,0,0,0,0,0,0,5,0,0,0,0,0,1,0,0,0,0,0,0,0,1,0,0,0,0,0,2,0,0,0,0,0,0,0,0,0,0,1,0,7,1,0,0,0,0,0,0,0,0,0,0,0,0,0,0,0,0,0,0,0,0,0,0,0,0,0,0,0,0,0,0,0,0,0,0,0,1,0,0,0,0,1,0,2,0,0,0,0,0,0,0,0,0,0,0,0,0,0,0,2,0,0,0,0,0,0,0,0,0,0,0,0,0,0,0,0,0,0,0,0,0,0,0,0,0,0,0,0,0,0,0,0,0,0,0,0,0,0,0,0,0,0,0,0,0,0,0,0,0,0,0,0,0,0,0,0,0,0,0,0,40,Maria Island,16/3/18 8:45,3,16,2018-03-15T21:45:00Z,18.9094,0.165171429,35.69836429,23.33969,NRS_MAI_Autumn
301,NRS_MAI,MAI20180315,2018,Autumn,16/3/18 0:00,11:53:00,-42.59667,148.23333,Maria Island,567.481474,South Cape,22,Ring-500,86,NA,NA,NA,0,NA,1 damaged,0,0,0,0,0,0,0,0,0,0,0,0,0,0,0,0,0,0,0,0,0,0,0,0,0,0,0,0,23,0,0,0,0,0,0,0,0,0,7,0,0,0,0,0,0,0,0,0,0,0,0,0,0,0,0,0,0,0,4,0,0,0,0,0,0,0,0,0,0,3,0,1,0,0,0,0,0,0,0,0,0,0,0,0,0,0,0,0,0,0,0,0,0,0,0,0,0,0,0,0,0,1,0,0,0,0,0,0,1,0,0,0,0,3,0,0,0,0,0,0,0,0,0,0,0,0,0,0,0,0,0,2,0,0,0,0,0,0,0,0,0,0,0,0,0,0,0,0,0,0,0,0,0,0,0,0,0,0,0,0,0,0,0,0,0,0,0,0,0,0,0,0,0,0,0,0,0,0,0,0,0,0,0,1,0,0,0,0,0,0,0,0,46,Maria Island,16/3/18 8:45,3,16,2018-03-15T21:45:00Z,18.9094,0.165171429,35.69836429,23.33969,NRS_MAI_Autumn
280,NRS_MAI,MAI20180418,2018,Autumn,19/4/18 0:00,11:08:00,-42.59667,148.23333,Maria Island,535.3655344,South Cape,25,Ring-500,86,NA,NA,NA,0,NA,NA,0,0,0,0,0,0,0,0,0,0,0,0,0,0,0,0,0,0,0,0,0,0,0,0,0,0,0,0,15,0,0,0,0,0,0,0,0,0,0,0,0,0,0,0,0,0,0,0,0,0,0,6,0,0,0,0,0,0,12,0,0,0,0,0,0,0,0,0,0,1,0,0,0,0,0,0,0,0,0,0,0,0,0,0,0,0,0,0,0,0,0,0,0,0,0,0,0,0,0,0,0,0,0,0,0,0,0,0,1,0,0,0,0,0,0,0,0,0,0,0,0,0,0,0,0,1,0,0,0,0,0,0,0,0,0,0,0,0,0,0,0,0,0,0,0,0,0,0,0,0,0,0,0,0,0,0,0,0,0,0,0,0,0,0,0,0,0,0,0,0,0,0,0,0,0,0,0,0,0,0,0,0,0,0,0,0,0,0,0,0,0,0,36,Maria Island,19/4/18 9:30,4,19,2018-04-18T23:30:00Z,15.82997692,1.422530769,35.47203846,21.11889,NRS_MAI_Autumn
281,NRS_MAI,MAI20180418,2018,Autumn,19/4/18 0:00,11:29:00,-42.59667,148.23333,Maria Island,503.0221854,South Cape,25,Ring-500,86,NA,NA,NA,0,NA,NA,0,0,0,0,0,0,1,0,0,0,0,0,0,0,0,0,0,0,0,0,0,0,0,0,0,0,0,0,9,0,0,0,0,0,0,0,0,0,0,0,0,0,0,0,0,0,0,0,0,0,0,2,0,0,0,0,0,0,7,0,0,0,0,0,0,0,0,0,0,1,0,0,0,0,0,0,0,0,0,0,0,0,0,0,0,0,0,0,0,0,0,0,0,0,0,0,0,0,0,0,0,0,0,0,0,0,0,0,0,0,0,0,0,1,0,0,0,0,0,0,0,0,0,0,0,0,0,0,0,0,0,0,0,0,0,0,0,0,0,0,0,0,0,0,0,0,0,0,0,0,0,0,0,0,0,0,0,0,0,0,0,0,0,0,0,0,0,0,0,0,0,0,0,0,0,0,0,0,0,0,0,0,0,0,0,0,0,0,0,0,0,0,21,Maria Island,19/4/18 9:30,4,19,2018-04-18T23:30:00Z,15.82997692,1.422530769,35.47203846,21.11889,NRS_MAI_Autumn
317,NRS_MAI,MAI20181018,2018,Spring,19/10/18 0:00,11:20:00,-42.59667,148.23333,Maria Island,532.5596994,South Cape,NA,Ring-500,86,NA,NA,NA,0,NA,1 unknown,0,0,0,0,0,0,22,0,0,0,0,0,0,0,0,0,0,0,0,0,0,0,0,0,0,0,0,0,2,0,0,0,0,0,0,0,0,0,0,0,0,0,0,0,0,0,0,0,0,0,0,0,0,0,0,0,0,0,24,0,0,0,0,0,0,0,0,0,0,1,0,0,0,0,0,0,0,0,0,0,0,0,0,0,0,0,0,0,0,0,0,0,0,0,0,12,0,0,0,0,0,0,0,0,0,0,0,0,0,0,0,0,0,0,0,0,0,0,0,0,0,1,0,0,0,0,0,0,0,0,0,54,0,0,2,0,0,0,0,0,0,0,0,0,0,0,0,2,0,0,0,6,0,0,0,0,0,0,0,0,0,0,0,0,0,0,0,0,0,0,0,0,0,0,0,0,0,0,1,0,0,0,0,1,0,0,0,0,0,0,0,0,128,Maria Island,19/10/18 8:45,10,19,2018-10-18T21:45:00Z,13.11962857,0.89865,35.23354286,3.50331,NRS_MAI_Spring
318,NRS_MAI,MAI20181018,2018,Spring,19/10/18 0:00,11:40:00,-42.59667,148.23333,Maria Island,533.7491294,South Cape,NA,Ring-500,86,NA,NA,NA,0,NA,NA,0,0,0,0,0,0,15,0,0,0,0,0,0,0,0,0,0,0,0,0,0,0,0,0,0,0,0,0,2,1,0,0,0,0,0,0,0,0,0,0,0,0,0,0,0,0,0,0,0,0,0,0,0,0,0,0,0,0,5,0,0,0,0,0,0,0,0,0,0,0,3,0,0,0,0,0,0,0,0,0,0,0,0,0,0,0,0,0,0,0,0,0,0,0,0,1,0,0,0,0,0,0,0,0,0,0,0,0,0,0,0,0,0,0,0,1,0,0,0,0,0,0,0,0,0,0,0,0,0,0,0,19,0,0,4,0,0,0,0,0,0,0,0,0,0,0,0,2,0,1,0,0,0,0,0,0,0,0,0,0,0,0,0,0,0,0,0,0,0,0,0,0,0,0,0,0,0,0,8,0,0,0,0,0,0,0,0,0,0,0,0,0,62,Maria Island,19/10/18 8:45,10,19,2018-10-18T21:45:00Z,13.11962857,0.89865,35.23354286,3.50331,NRS_MAI_Spring
327,NRS_MAI,MAI20181204,2018,Summer,5/12/18 0:00,11:21:00,-42.59667,148.23333,Maria Island,334.0316176,South Cape,NA,Ring-500,86,NA,NA,NA,0,NA,NA,0,0,0,0,0,0,0,0,0,0,0,0,0,0,0,0,0,0,0,0,0,0,0,0,0,0,0,0,0,0,0,0,0,0,0,0,0,0,0,0,0,0,0,0,0,0,0,0,0,0,0,0,0,0,0,0,0,0,1,0,0,0,0,0,0,0,0,0,0,0,0,0,0,0,0,0,0,0,0,0,0,0,0,0,0,0,0,0,0,0,0,0,0,0,0,3,0,0,0,0,0,0,0,0,0,0,0,0,1,0,0,0,0,0,0,0,0,0,0,0,0,0,0,0,0,0,0,0,0,0,0,10,0,0,0,0,0,0,0,0,0,0,0,0,0,0,0,0,0,0,0,0,0,0,0,0,0,0,0,0,0,0,0,0,0,0,0,0,0,0,0,0,0,0,0,0,0,0,0,0,0,0,0,0,0,0,0,0,0,0,0,0,15,Maria Island,5/12/18 9:10,12,5,2018-12-04T22:10:00Z,NA,NA,NA,18.11426,NRS_MAI_Summer
328,NRS_MAI,MAI20181204,2018,Summer,5/12/18 0:00,11:40:00,-42.59667,148.23333,Maria Island,225.4122516,South Cape,NA,Ring-500,86,NA,NA,NA,0,NA,NA,0,0,0,0,0,0,1,0,0,0,0,0,0,0,0,0,0,0,0,0,0,0,0,0,0,0,0,0,0,0,0,0,0,0,0,0,0,0,0,0,0,0,0,0,0,0,0,0,0,0,0,0,0,0,0,0,0,3,0,0,0,0,0,0,0,0,0,0,0,3,0,0,0,0,0,0,0,0,0,0,0,0,0,0,0,0,0,0,0,0,0,0,0,0,0,15,0,0,0,0,0,0,0,0,0,0,0,0,3,0,0,0,0,0,0,0,0,0,0,0,0,0,0,0,0,0,0,0,0,0,0,17,0,0,0,0,0,0,0,0,0,0,0,0,0,0,0,0,0,0,0,1,0,0,0,0,1,0,0,0,0,0,0,0,0,0,0,0,0,0,0,0,0,0,0,0,0,0,0,0,0,0,0,0,0,0,0,0,0,0,0,0,44,Maria Island,5/12/18 9:10,12,5,2018-12-04T22:10:00Z,NA,NA,NA,18.11426,NRS_MAI_Summer
79,NRS_NSI,NSI20160120,2016,Summer,20/1/16 0:00,11:42:00,-27.345,153.562,North Stradbroke,278,Scylla,15,Ring-500,60,NA,NA,NA,0,NA,2 unknown,0,0,0,0,0,0,1,0,0,0,0,0,0,0,0,0,0,2,0,0,1,0,0,0,0,0,0,0,0,0,0,0,0,0,0,0,3,0,0,0,0,0,2,0,0,0,0,2,0,0,0,0,0,0,0,0,0,0,0,0,0,0,0,2,0,0,0,0,0,0,0,0,0,0,0,0,0,0,0,0,0,0,0,21,0,0,0,2,0,0,5,0,0,0,0,3,0,0,0,0,4,0,0,0,0,0,0,0,1,0,0,0,0,0,2,1,3,1,0,0,0,0,0,0,0,1,0,0,0,0,0,0,0,0,0,3,0,1,0,0,0,0,0,0,0,0,6,0,0,0,0,0,0,0,0,0,0,0,0,0,0,0,0,0,0,0,0,0,0,0,0,2,0,0,0,0,0,0,0,0,0,0,0,2,0,0,0,0,0,0,0,0,71,North Stradbroke,20/1/16 10:30,1,20,2016-01-20T00:30:00Z,25.79091429,0.190421429,35.59222857,10.80827,NRS_NSI_Summer
89,NRS_NSI,NSI20160318,2016,Autumn,18/3/16 0:00,11:54:00,-27.345,153.562,North Stradbroke,216.3,Scylla,20,Ring-500,60,NA,NA,NA,0,NA,1 damaged,0,0,0,0,0,0,0,0,0,0,0,0,0,0,0,0,0,0,0,0,0,0,0,0,0,0,3,0,0,0,0,0,0,0,0,2,0,0,0,2,0,0,0,0,0,0,0,0,0,0,0,0,0,0,0,0,0,0,1,0,0,0,0,0,0,0,0,0,0,0,0,2,0,0,0,0,0,0,0,0,0,0,0,0,0,0,0,0,0,0,0,0,0,0,0,6,0,0,0,0,8,0,0,0,0,0,0,0,0,0,0,0,0,0,0,2,0,0,0,0,0,0,0,0,0,0,0,0,0,0,0,1,0,0,0,0,0,7,0,0,0,0,0,0,0,0,3,0,0,0,0,1,0,0,0,0,0,0,0,0,0,0,0,0,0,0,0,0,0,0,0,0,0,0,0,0,0,0,0,0,0,0,0,1,0,0,0,1,0,0,0,0,40,North Stradbroke,18/3/16 10:30,3,18,2016-03-18T00:30:00Z,26.73675,0.165057143,35.51095714,14.54391,NRS_NSI_Autumn
91,NRS_NSI,NSI20160412,2016,Autumn,12/4/16 0:00,11:56:00,-27.345,153.562,North Stradbroke,228.4,Scylla,30,Ring-500,60,NA,NA,NA,0,NA,2 unknown,0,0,0,0,0,0,0,0,0,0,0,0,0,0,1,0,0,5,0,0,0,0,0,0,0,0,0,0,0,0,0,0,0,0,0,0,0,0,0,5,0,0,0,0,0,0,0,0,0,0,0,0,0,0,0,0,0,0,0,1,0,0,0,0,1,0,1,1,0,0,0,8,0,0,0,0,0,0,0,2,0,0,0,0,0,0,0,3,0,0,1,0,0,0,0,0,0,0,2,0,1,0,0,0,0,0,0,0,0,0,0,0,0,0,0,12,0,0,0,0,0,0,1,0,0,0,0,0,0,0,0,1,0,0,0,0,0,0,0,0,0,0,0,0,0,0,0,0,0,0,0,0,0,0,0,0,0,0,0,0,0,1,0,0,0,0,0,0,0,0,0,0,0,0,0,0,0,0,0,0,0,0,0,2,0,0,0,0,0,0,0,0,49,North Stradbroke,12/4/16 10:45,4,12,2016-04-12T00:45:00Z,26.31694286,0.142571429,35.54097143,7.38126,NRS_NSI_Autumn
93,NRS_NSI,NSI20160517,2016,Autumn,17/5/16 0:00,11:48:00,-27.345,153.562,North Stradbroke,397.6966258,Scylla,14,Ring-500,60,NA,NA,NA,0,NA,1 unknown,0,0,0,0,0,0,6,0,0,0,1,0,0,0,0,0,0,2,0,0,0,1,0,0,0,0,0,0,0,0,0,0,0,0,0,10,0,0,0,3,0,0,0,0,0,0,0,5,0,0,0,0,0,0,0,0,0,0,0,0,0,0,0,4,0,0,0,0,0,0,0,0,0,0,0,0,0,0,0,7,0,0,0,0,0,0,1,1,0,1,1,0,0,0,0,27,0,0,0,0,2,0,0,0,0,0,0,0,0,0,0,0,0,0,1,13,0,1,0,0,0,0,0,0,0,1,0,0,0,0,0,1,0,0,0,36,0,0,0,0,0,0,0,0,0,0,0,0,0,0,0,2,0,0,0,0,0,0,0,0,0,0,0,0,0,4,0,0,0,0,0,0,0,0,0,0,0,0,0,0,0,0,0,1,0,0,0,0,0,0,0,0,132,North Stradbroke,17/5/16 10:30,5,17,2016-05-17T00:30:00Z,NA,NA,NA,9.90169,NRS_NSI_Autumn
94,NRS_NSI,NSI20160517,2016,Autumn,17/5/16 0:00,12:05:00,-27.345,153.562,North Stradbroke,398.4743301,Scylla,13,Ring-500,60,NA,NA,NA,0,NA,2 unknown,0,0,0,0,0,0,0,0,0,0,0,0,0,0,0,0,0,0,0,1,0,39,0,0,0,0,1,0,0,0,0,0,0,0,0,25,1,0,0,0,0,0,1,0,0,0,0,6,0,0,0,0,0,1,0,0,0,0,0,0,0,0,0,1,0,0,1,0,0,0,0,0,0,0,0,0,0,0,0,2,0,0,0,48,0,0,0,0,0,0,0,0,0,0,0,3,0,0,0,0,0,0,0,0,0,0,0,0,1,0,0,0,0,0,5,4,0,0,0,0,0,0,1,0,0,2,0,0,0,0,8,11,0,0,0,2,0,1,0,0,0,0,0,0,0,0,0,0,0,0,0,0,0,0,0,0,0,0,0,0,0,0,0,0,0,0,0,4,0,5,0,0,0,1,0,0,0,0,0,0,0,0,0,2,1,0,0,0,0,0,0,0,178,North Stradbroke,17/5/16 10:30,5,17,2016-05-17T00:30:00Z,NA,NA,NA,9.90169,NRS_NSI_Autumn
106,NRS_NSI,NSI20160623,2016,Winter,23/6/16 0:00,11:45:00,-27.345,153.562,North Stradbroke,204.3379902,Scylla,NA,Ring-500,60,NA,NA,NA,0,NA,NA,0,0,0,0,0,0,1,0,0,0,0,0,0,0,0,0,0,0,0,0,0,0,0,0,0,2,0,0,0,0,0,0,1,23,0,4,0,0,0,3,0,0,1,0,0,0,0,0,0,0,0,0,0,0,0,0,2,0,0,4,0,0,0,0,0,0,3,1,0,0,0,0,0,1,0,0,0,0,0,0,1,0,0,2,0,0,0,2,0,0,0,0,0,0,0,8,0,0,2,0,4,0,0,0,1,0,0,0,1,0,0,0,0,0,0,51,5,3,0,0,0,0,0,0,0,0,1,0,0,0,1,3,0,0,0,0,0,0,0,0,0,0,0,0,0,0,0,0,0,0,0,1,0,0,0,0,0,0,0,0,0,0,0,0,0,0,0,0,1,0,0,0,0,2,0,0,0,0,0,0,0,1,0,0,0,0,0,0,0,0,0,0,136,North Stradbroke,23/6/16 10:30,6,23,2016-06-23T00:30:00Z,22.31931667,0.240383333,35.72998333,13.65661,NRS_NSI_Winter
107,NRS_NSI,NSI20160623,2016,Winter,23/6/16 0:00,12:00:00,-27.345,153.562,North Stradbroke,238.6027264,Scylla,NA,Ring-500,60,NA,NA,NA,0,NA,NA,0,0,0,1,0,0,2,0,0,0,1,0,0,0,0,0,0,0,0,0,0,0,0,0,0,2,0,0,0,0,0,0,2,4,0,0,0,2,0,0,1,0,0,0,0,0,0,0,0,0,0,0,0,0,0,0,1,0,0,0,0,0,0,0,0,0,0,0,0,0,0,1,0,0,0,0,0,0,0,0,0,0,0,2,0,0,0,0,0,0,0,0,2,0,0,7,0,0,1,0,0,3,0,0,0,0,0,0,0,0,0,0,0,0,1,31,0,2,0,0,0,0,0,1,0,0,0,0,0,0,0,1,0,0,0,0,0,0,1,0,0,0,0,0,0,0,0,0,0,0,0,3,0,0,0,0,0,0,0,0,0,0,0,0,0,0,0,0,2,0,0,1,0,0,0,0,0,0,0,1,0,0,0,0,1,0,0,0,0,0,0,0,77,North Stradbroke,23/6/16 10:30,6,23,2016-06-23T00:30:00Z,22.31931667,0.240383333,35.72998333,13.65661,NRS_NSI_Winter
129,NRS_NSI,NSI20160720,2016,Winter,20/7/16 0:00,11:42:00,-27.345,153.562,North Stradbroke,379.641687,Scylla,14,Ring-500,60,NA,NA,NA,0,NA,NA,0,0,0,0,0,0,33,0,0,0,2,0,0,0,0,0,0,0,0,0,0,0,0,0,0,0,8,0,0,1,0,0,0,1,0,0,0,1,0,0,10,0,2,0,0,0,0,0,0,0,0,0,0,0,0,0,0,0,0,0,0,0,0,0,0,0,0,0,0,0,0,0,0,0,0,0,0,0,0,1,0,0,0,0,0,0,0,4,0,0,0,0,0,0,0,5,0,0,0,0,0,0,0,0,0,0,0,0,0,0,0,0,0,0,0,1,0,2,0,0,0,0,0,0,0,7,0,0,0,0,0,0,0,0,0,2,0,0,0,0,0,0,0,0,0,3,0,0,0,0,0,4,0,0,0,0,0,0,0,0,0,7,0,0,0,0,0,0,2,0,0,0,0,2,0,0,0,0,0,0,0,0,0,0,0,0,0,0,0,0,0,0,98,North Stradbroke,20/7/16 10:30,7,20,2016-07-20T00:30:00Z,21.68718571,0.208728571,35.71852143,NA,NRS_NSI_Winter
130,NRS_NSI,NSI20160720,2016,Winter,20/7/16 0:00,12:01:00,-27.345,153.562,North Stradbroke,337.6304061,Scylla,13,Ring-500,60,NA,NA,NA,0,NA,NA,0,1,0,0,0,0,43,0,0,0,0,0,0,0,0,0,0,0,0,0,0,0,0,0,0,1,7,0,0,0,0,0,0,0,0,1,0,0,0,0,10,0,0,0,0,0,0,0,0,0,0,0,0,0,0,0,0,0,1,0,0,0,0,0,0,0,0,0,0,0,0,0,0,0,0,0,0,0,0,0,0,0,0,1,0,0,0,3,0,0,0,0,0,0,0,3,0,0,0,0,2,0,0,0,1,0,0,0,0,0,0,0,0,0,1,1,0,0,0,0,0,0,0,0,0,0,0,0,0,0,0,0,0,0,0,0,0,0,0,0,0,0,0,0,0,2,1,0,0,0,0,1,1,0,0,0,0,0,0,0,0,0,5,0,0,0,0,0,0,0,0,0,0,0,0,0,0,0,0,0,0,0,0,0,0,0,0,0,0,0,0,0,86,North Stradbroke,20/7/16 10:30,7,20,2016-07-20T00:30:00Z,21.68718571,0.208728571,35.71852143,NA,NRS_NSI_Winter
132,NRS_NSI,NSI20160822,2016,Winter,22/8/16 0:00,12:15:00,-27.345,153.562,North Stradbroke,379.5349432,Scylla,13,Ring-500,60,NA,NA,NA,0,NA,NA,0,0,0,0,0,1,1,0,0,0,0,0,0,0,3,0,0,0,0,0,0,0,0,0,0,0,0,0,0,0,0,0,0,0,0,4,0,1,0,0,3,0,0,0,0,0,0,2,0,0,0,0,0,0,0,0,0,0,1,0,0,0,0,0,0,0,0,0,0,0,0,0,0,0,0,0,0,0,0,1,0,0,0,2,0,0,0,1,0,0,0,0,0,0,0,2,0,0,6,0,0,6,0,0,0,0,0,0,0,0,0,0,0,0,0,4,1,0,0,0,0,0,0,0,0,1,0,0,0,0,0,7,0,0,0,5,0,0,0,0,0,0,0,0,0,1,0,0,0,0,0,0,0,0,0,0,0,0,0,0,0,1,0,0,0,0,0,0,0,1,0,0,0,0,0,0,0,0,0,0,0,0,0,0,0,0,0,0,0,0,0,0,55,North Stradbroke,22/8/16 10:50,8,22,2016-08-22T00:50:00Z,21.39732143,0.227935714,35.71353571,17.55942,NRS_NSI_Winter
133,NRS_NSI,NSI20160822,2016,Winter,22/8/16 0:00,12:30:00,-27.345,153.562,North Stradbroke,417.3222223,Scylla,13,Ring-500,60,NA,NA,NA,0,NA,1 damaged,0,0,0,0,0,0,0,0,0,0,0,0,0,0,0,0,0,0,0,0,0,0,0,0,2,0,1,0,0,0,0,0,0,0,0,1,0,0,0,0,0,0,0,0,0,0,0,0,0,0,0,0,0,0,0,0,0,0,0,0,0,0,0,0,0,0,0,0,0,0,0,0,0,0,0,0,0,0,0,0,0,0,0,0,0,0,0,0,0,0,0,0,0,0,0,1,0,0,0,0,0,0,0,0,0,0,0,0,0,0,0,0,0,0,2,0,0,0,0,0,0,0,0,0,0,1,0,0,0,0,0,0,0,0,0,3,0,0,0,0,0,0,0,0,0,0,0,0,0,0,0,0,0,0,0,0,0,0,0,0,0,0,0,0,0,0,0,0,0,0,0,0,0,0,0,0,0,0,0,0,0,0,0,1,0,0,0,0,0,0,0,0,12,North Stradbroke,22/8/16 10:50,8,22,2016-08-22T00:50:00Z,21.39732143,0.227935714,35.71353571,17.55942,NRS_NSI_Winter
139,NRS_NSI,NSI20160920,2016,Spring,20/9/16 0:00,11:20:00,-27.345,153.562,North Stradbroke,383.5759557,Scylla,12,Ring-500,60,NA,NA,NA,0,NA,NA,0,0,0,0,0,0,0,0,0,0,3,0,0,0,0,0,0,0,0,0,0,0,0,0,1,0,0,0,0,0,0,0,0,1,0,0,0,0,0,0,33,0,0,0,0,0,0,0,0,0,0,0,0,0,0,0,0,0,3,0,0,0,0,0,0,0,0,0,0,0,0,0,0,0,0,0,0,0,0,0,0,0,0,0,0,0,0,0,0,0,0,0,0,0,0,0,0,0,1,0,0,0,0,0,0,0,0,0,2,0,0,0,0,0,11,0,0,0,0,0,0,0,0,0,0,1,0,0,0,0,0,14,0,0,0,1,0,0,0,0,0,0,0,0,0,0,0,0,0,0,0,0,0,0,0,0,0,0,0,0,0,0,0,0,0,0,0,0,0,13,0,0,0,0,0,0,0,0,0,0,0,0,0,0,0,0,0,0,0,0,0,0,84,North Stradbroke,20/9/16 10:15,9,20,2016-09-20T00:15:00Z,21.22701429,0.216392857,35.74399286,10.52536,NRS_NSI_Spring
140,NRS_NSI,NSI20160920,2016,Spring,20/9/16 0:00,11:35:00,-27.345,153.562,North Stradbroke,308.0776431,Scylla,15,Ring-500,60,NA,NA,NA,0,NA,NA,0,0,0,0,0,0,1,0,0,0,6,0,0,0,0,0,0,0,0,0,0,0,0,0,0,1,4,0,0,0,0,0,0,1,0,0,0,0,0,0,76,0,0,0,0,0,0,0,0,0,0,0,0,0,0,0,0,0,2,1,0,0,0,0,0,0,0,1,0,0,0,1,0,0,0,0,0,0,0,0,0,0,0,3,0,0,0,0,0,0,0,0,0,0,0,1,0,0,4,0,1,0,0,0,0,0,0,0,2,0,0,0,0,0,3,0,2,0,0,0,0,0,0,0,0,0,0,0,0,0,4,12,0,0,0,3,0,0,0,0,0,0,0,0,0,3,0,0,0,0,0,0,0,0,0,0,0,0,0,0,0,1,0,0,0,0,0,0,0,2,0,1,0,0,0,0,0,0,0,6,0,0,0,0,0,0,0,0,0,0,0,0,142,North Stradbroke,20/9/16 10:15,9,20,2016-09-20T00:15:00Z,21.22701429,0.216392857,35.74399286,10.52536,NRS_NSI_Spring
150,NRS_NSI,NSI20161019,2016,Spring,20/10/16 0:00,10:45:00,-27.345,153.562,North Stradbroke,373.6792874,Scylla,22,Ring-500,60,NA,NA,NA,0,NA,1 unknown,0,0,0,0,0,0,1,0,0,0,0,0,0,0,0,0,0,0,0,0,0,0,0,0,1,0,0,0,0,0,0,0,0,0,0,7,0,1,0,1,6,0,0,0,0,0,0,3,0,0,0,0,0,0,0,0,0,0,0,0,0,0,0,0,0,0,0,1,0,0,0,0,0,0,0,0,0,0,0,0,0,0,0,3,0,0,0,1,0,1,0,0,0,0,0,6,0,0,14,0,1,0,0,0,0,0,0,0,1,0,0,0,0,0,2,0,1,0,0,0,0,0,0,0,0,0,0,0,0,0,0,3,0,0,0,1,1,1,0,0,0,0,0,0,0,3,81,0,0,0,0,0,0,0,0,0,0,0,0,0,0,0,0,0,0,3,0,0,0,0,0,0,0,0,0,0,0,0,0,1,0,0,0,1,0,0,0,0,0,0,0,0,146,North Stradbroke,20/10/16 9:40,10,20,2016-10-19T23:40:00Z,22.8098,0.202864286,35.70462857,13.02007,NRS_NSI_Spring
151,NRS_NSI,NSI20161019,2016,Spring,20/10/16 0:00,11:00:00,-27.345,153.562,North Stradbroke,289.0925089,Scylla,14,Ring-500,60,NA,NA,NA,0,NA,NA,0,0,0,0,0,0,7,0,0,0,2,0,0,0,0,0,0,0,0,0,0,0,0,0,0,1,4,0,0,0,0,0,0,14,0,11,0,0,0,0,38,0,3,0,0,0,0,3,0,0,0,0,0,0,0,0,0,0,3,1,0,0,0,0,1,0,0,0,0,0,0,0,0,1,0,0,0,0,0,0,0,0,0,2,0,0,0,0,0,0,0,0,0,0,0,8,0,0,3,0,4,0,0,0,0,0,0,0,2,0,1,0,0,0,0,14,4,0,0,0,0,0,0,0,0,0,0,0,0,0,0,3,0,0,0,1,0,2,0,0,0,0,0,0,0,2,53,0,0,0,0,1,0,0,0,0,0,0,0,0,0,0,0,0,0,0,0,0,1,0,0,0,0,0,0,0,0,0,0,1,0,1,0,0,0,0,0,0,0,0,0,0,192,North Stradbroke,20/10/16 9:40,10,20,2016-10-19T23:40:00Z,22.8098,0.202864286,35.70462857,13.02007,NRS_NSI_Spring
159,NRS_NSI,NSI20161116,2016,Spring,16/11/16 0:00,11:25:00,-27.345,153.562,North Stradbroke,351.430845,Scylla,14,Ring-500,60,NA,NA,NA,0,NA,NA,0,0,0,0,0,0,1,0,0,0,0,0,0,0,0,0,0,0,0,0,0,0,0,0,0,0,7,1,0,0,0,0,0,0,0,6,0,0,0,20,0,0,0,0,0,0,0,0,0,0,0,0,0,0,0,0,0,0,1,10,0,0,0,1,0,0,0,1,3,0,0,0,0,0,0,0,0,0,0,0,0,0,0,5,0,0,0,0,0,0,0,0,0,0,0,4,0,0,9,0,3,0,0,0,0,0,0,0,1,0,0,0,0,0,46,0,10,0,0,0,0,0,0,0,0,0,0,0,0,0,0,5,0,0,0,21,1,1,0,0,0,0,0,0,2,4,56,0,0,0,0,0,0,0,0,0,0,0,0,0,0,0,0,0,0,0,0,0,0,0,0,0,0,0,0,0,0,0,0,2,0,0,0,0,0,0,0,0,0,0,0,0,221,North Stradbroke,16/11/16 10:15,11,16,2016-11-16T00:15:00Z,24.10081429,0.185807143,35.7279,13.11009,NRS_NSI_Spring
160,NRS_NSI,NSI20161116,2016,Spring,16/11/16 0:00,11:42:00,-27.345,153.562,North Stradbroke,301.3527883,Scylla,13,Ring-500,60,NA,NA,NA,0,NA,1 unknown,0,0,0,0,0,0,1,0,0,0,2,0,0,0,0,0,0,0,0,0,0,0,0,0,0,0,6,1,0,0,0,0,0,2,0,3,0,0,0,0,21,0,0,0,0,0,0,0,0,0,0,0,0,0,0,0,0,0,6,0,0,0,0,0,0,0,0,0,1,0,0,0,0,0,0,0,0,0,0,0,0,0,0,2,0,0,0,1,0,0,0,0,0,0,0,2,0,0,15,0,9,0,0,0,0,0,0,0,2,0,0,0,0,0,25,3,15,0,0,0,0,0,0,0,0,0,0,0,0,0,0,5,0,0,0,5,0,0,0,0,0,0,0,0,0,0,76,0,0,0,0,1,0,0,0,0,0,0,0,0,0,0,0,0,2,0,0,0,0,0,0,0,0,0,0,0,0,0,0,0,0,0,0,1,0,0,0,0,0,0,0,0,207,North Stradbroke,16/11/16 10:15,11,16,2016-11-16T00:15:00Z,24.10081429,0.185807143,35.7279,13.11009,NRS_NSI_Spring
162,NRS_NSI,NSI20161215,2016,Summer,15/12/16 0:00,11:40:00,-27.345,153.562,North Stradbroke,293.4385035,Scylla,16,Ring-500,60,NA,NA,NA,0,NA,5 unknown,1,0,0,0,0,0,0,0,0,0,1,0,0,0,0,0,0,0,0,0,0,0,0,0,0,0,2,0,0,0,0,0,0,0,0,1,0,0,0,1,1,0,1,0,0,0,0,1,0,0,0,0,0,0,0,0,0,0,2,0,1,0,0,0,0,0,0,0,0,0,0,2,0,0,0,0,0,0,0,0,0,0,0,9,0,0,0,3,0,0,3,0,0,0,0,2,0,0,6,0,14,0,0,0,0,0,1,0,2,0,0,0,0,0,0,10,8,0,0,0,0,0,0,0,0,0,0,0,0,0,0,0,0,0,0,0,0,0,0,0,0,0,0,0,0,0,49,0,0,0,0,2,0,0,0,0,0,0,0,0,0,0,0,0,0,0,0,0,0,0,0,5,0,0,0,0,0,0,0,1,0,0,0,5,0,0,0,0,0,0,0,0,134,North Stradbroke,15/12/16 10:15,12,15,2016-12-15T00:15:00Z,23.88732143,0.288721429,35.75239286,42.08861,NRS_NSI_Summer
163,NRS_NSI,NSI20161215,2016,Summer,15/12/16 0:00,12:00:00,-27.345,153.562,North Stradbroke,303.0149406,Scylla,15,Ring-500,60,NA,NA,NA,0,NA,17 unknown,0,0,0,0,0,0,1,0,0,0,2,0,0,0,0,0,0,0,0,0,0,0,0,0,1,0,6,1,0,0,0,0,0,0,0,0,0,0,0,0,1,0,0,0,0,0,0,0,0,0,0,0,0,0,0,0,0,0,2,0,0,0,0,0,0,0,1,2,0,0,0,17,0,0,0,0,0,0,0,0,0,3,0,4,0,0,0,0,0,0,0,0,0,0,0,3,0,0,36,0,13,0,0,0,0,0,0,0,0,0,0,0,0,0,1,0,10,0,0,0,0,0,0,0,0,0,0,0,0,0,0,4,0,0,0,0,0,0,0,0,0,0,0,0,0,0,4,0,0,0,0,0,0,0,0,0,0,1,0,0,0,1,0,0,0,0,0,0,0,0,0,0,0,0,0,0,0,0,0,0,0,0,0,17,0,0,0,0,0,0,0,0,131,North Stradbroke,15/12/16 10:15,12,15,2016-12-15T00:15:00Z,23.88732143,0.288721429,35.75239286,42.08861,NRS_NSI_Summer
165,NRS_NSI,NSI20170117,2017,Summer,17/1/17 0:00,11:47:00,-27.345,153.562,North Stradbroke,387.7237119,Scylla,16,Ring-500,60,NA,NA,NA,0,NA,NA,0,0,0,0,0,0,1,0,0,0,0,0,0,0,0,0,0,0,0,0,0,0,0,0,0,0,2,0,0,0,0,0,0,0,0,18,0,0,0,0,3,0,6,0,0,0,0,11,0,0,0,0,0,0,0,0,0,0,1,0,0,0,0,0,0,0,0,0,0,0,0,0,0,0,0,0,0,0,0,0,0,1,0,7,0,0,0,1,0,0,3,0,0,0,0,5,0,0,3,0,26,0,0,0,0,0,0,0,3,0,0,0,0,0,8,0,2,0,0,0,0,0,0,0,0,2,0,0,0,0,0,16,0,0,0,1,0,1,0,0,0,0,0,0,0,0,30,0,0,0,0,3,0,0,2,0,0,3,0,0,0,0,0,0,0,1,0,0,0,1,0,0,0,0,0,0,0,0,0,0,0,0,0,0,0,0,0,0,0,0,0,0,161,North Stradbroke,17/1/17 10:30,1,17,2017-01-17T00:30:00Z,26.85766429,0.189885714,35.73315714,12.67287,NRS_NSI_Summer
166,NRS_NSI,NSI20170117,2017,Summer,17/1/17 0:00,12:05:00,-27.345,153.562,North Stradbroke,315.27522,Scylla,15,Ring-500,60,NA,NA,NA,0,NA,1 damaged; 2 unknown,0,0,0,0,0,0,1,0,0,0,1,0,0,0,0,0,0,0,0,0,0,0,0,0,0,0,3,0,0,0,0,0,0,0,0,18,0,0,0,0,12,0,2,0,0,0,0,4,0,0,0,0,0,0,0,0,0,0,3,0,0,0,0,0,0,0,0,1,0,0,0,2,0,0,0,0,0,0,0,0,0,0,0,2,0,0,0,1,0,0,1,0,0,0,0,2,0,0,5,0,13,0,0,0,0,0,2,0,1,0,0,0,0,0,5,0,0,0,0,0,0,0,0,0,0,0,0,0,0,0,4,11,0,0,0,3,0,0,0,0,0,0,0,0,0,0,19,0,0,0,0,0,0,0,5,0,0,4,0,0,0,0,0,0,0,1,0,0,0,0,0,0,0,0,0,0,0,0,0,0,0,0,0,3,0,0,0,0,0,0,0,0,129,North Stradbroke,17/1/17 10:30,1,17,2017-01-17T00:30:00Z,26.85766429,0.189885714,35.73315714,12.67287,NRS_NSI_Summer
178,NRS_NSI,NSI20170217,2017,Summer,17/2/17 0:00,11:40:00,-27.345,153.562,North Stradbroke,540.7637172,Scylla,15,Ring-500,60,NA,NA,NA,0,NA,4 damaged,0,0,0,0,0,0,1,0,0,0,0,0,0,0,0,0,0,2,0,0,0,0,0,0,0,0,0,0,0,0,0,0,0,0,0,2,0,0,0,0,0,0,7,0,0,0,0,0,0,0,0,0,0,0,0,0,0,0,0,0,0,0,0,0,0,0,0,0,1,0,0,0,0,0,0,0,0,0,0,0,0,0,0,1,0,0,0,1,0,0,2,0,0,0,0,0,0,0,0,0,1,0,0,0,0,0,0,0,0,0,0,0,0,0,16,1,0,0,0,0,0,0,0,0,0,4,0,0,0,0,0,16,0,0,0,1,0,2,0,0,0,0,0,0,0,0,19,0,0,0,0,0,0,0,1,0,0,0,0,0,0,0,0,0,0,1,0,0,0,3,0,1,0,0,0,0,0,0,0,0,0,0,0,4,0,0,0,0,0,0,0,0,87,North Stradbroke,17/2/17 10:30,2,17,2017-02-17T00:30:00Z,26.723,0.210578571,35.62981429,18.26668,NRS_NSI_Summer
179,NRS_NSI,NSI20170217,2017,Summer,17/2/17 0:00,11:58:00,-27.345,153.562,North Stradbroke,536.3414771,Scylla,13,Ring-500,60,NA,NA,NA,0,NA,3 unknown,0,0,0,0,0,0,1,0,0,0,10,0,0,0,0,0,0,1,0,0,0,0,0,0,0,0,0,0,0,0,0,0,0,0,0,3,0,0,0,0,0,0,5,0,0,0,0,0,0,0,0,0,0,0,0,1,0,0,0,0,0,0,0,2,0,0,0,0,0,0,0,0,0,0,0,0,0,0,0,0,0,0,0,1,0,0,0,1,0,0,0,0,0,0,0,0,0,0,1,1,1,0,0,0,0,0,0,0,0,0,0,0,0,0,0,0,0,0,0,0,0,0,0,0,0,0,0,0,0,0,3,3,0,0,0,4,0,0,0,0,0,0,0,0,0,0,5,0,0,0,0,1,0,0,1,0,0,0,0,5,0,0,0,0,0,0,0,0,0,5,0,1,0,0,0,0,0,0,0,0,0,0,0,3,0,0,0,0,0,0,0,0,59,North Stradbroke,17/2/17 10:30,2,17,2017-02-17T00:30:00Z,26.723,0.210578571,35.62981429,18.26668,NRS_NSI_Summer
189,NRS_NSI,NSI20170424,2017,Autumn,24/4/17 0:00,12:00:00,-27.345,153.562,North Stradbroke,303.9146377,Scylla,18,Ring-500,60,NA,NA,NA,0,NA,1 damaged,0,0,0,0,1,0,6,0,0,0,18,0,0,0,0,0,0,1,0,0,0,0,0,0,0,9,64,2,0,0,0,0,0,0,0,47,0,0,0,0,2,1,2,0,0,0,0,4,0,0,0,0,0,0,0,0,0,0,0,0,0,0,0,0,0,0,0,37,0,0,0,6,0,0,0,0,0,0,0,0,0,0,0,25,0,0,0,2,0,0,0,0,0,0,0,3,0,0,4,0,2,0,0,0,0,0,0,0,1,0,0,0,0,0,0,7,0,0,0,0,0,0,0,0,0,0,0,0,0,0,0,8,0,0,0,6,0,0,0,0,0,1,0,0,0,0,0,0,0,0,0,0,0,0,0,0,0,0,0,12,0,0,0,0,0,3,0,0,0,0,0,0,0,0,0,0,4,0,0,0,0,0,0,1,0,0,0,0,0,0,0,0,279,North Stradbroke,24/4/17 11:00,4,24,2017-04-24T01:00:00Z,24.38317143,0.190464286,35.54987143,11.30335,NRS_NSI_Autumn
190,NRS_NSI,NSI20170424,2017,Autumn,24/4/17 0:00,12:17:00,-27.345,153.562,North Stradbroke,292.2185752,Scylla,20,Ring-500,60,NA,NA,NA,0,NA,3 damaged; 1 unknown,0,0,0,0,2,0,3,0,0,0,24,0,0,0,1,0,0,0,0,0,0,0,0,0,0,5,100,1,0,0,0,0,0,0,0,37,1,0,0,0,0,0,0,0,0,0,0,2,0,0,0,0,0,0,0,0,0,0,1,0,0,0,0,0,0,0,0,36,0,0,0,3,0,1,0,0,0,0,0,0,0,0,0,45,0,0,0,0,0,1,0,0,0,0,0,12,0,0,3,0,9,0,0,0,0,0,1,0,3,0,0,0,0,0,0,7,4,0,0,0,0,0,0,0,0,0,0,0,0,0,0,7,0,0,0,1,0,0,0,0,0,0,0,0,0,0,0,0,0,0,0,3,0,0,0,0,0,0,0,0,0,0,0,0,0,1,0,1,0,0,0,1,0,0,0,0,1,0,0,0,1,0,0,4,0,0,0,0,0,0,0,0,322,North Stradbroke,24/4/17 11:00,4,24,2017-04-24T01:00:00Z,24.38317143,0.190464286,35.54987143,11.30335,NRS_NSI_Autumn
208,NRS_NSI,NSI20170516,2017,Autumn,16/5/17 0:00,11:39:00,-27.345,153.562,North Stradbroke,335.3735388,Scylla,20,Ring-500,60,NA,NA,NA,0,NA,NA,0,0,0,0,0,0,13,0,0,0,0,0,0,0,0,0,0,0,0,0,0,2,0,0,0,0,7,0,0,0,1,0,0,0,0,6,0,1,0,0,0,0,0,0,0,0,0,0,0,0,0,0,0,0,0,0,0,0,0,0,0,0,0,0,0,0,0,0,0,0,0,5,0,1,0,0,0,0,0,0,0,0,0,35,0,0,0,0,0,0,0,0,0,0,0,7,0,0,4,0,3,0,0,0,1,0,0,0,0,0,0,0,0,0,0,6,22,1,0,0,0,0,0,0,0,0,0,0,0,0,0,5,0,0,0,0,1,0,0,0,0,0,0,0,0,0,0,0,0,0,0,0,0,0,0,0,0,0,0,0,0,0,0,0,0,0,0,0,0,0,0,0,0,0,0,0,0,0,0,0,0,0,0,0,0,0,0,0,0,0,0,0,121,North Stradbroke,16/5/17 10:20,5,16,2017-05-16T00:20:00Z,23.12057143,0.232607143,35.5032,10.49964,NRS_NSI_Autumn
209,NRS_NSI,NSI20170516,2017,Autumn,16/5/17 0:00,12:01:00,-27.345,153.562,North Stradbroke,157.7977256,Scylla,45,Ring-500,60,NA,NA,NA,0,NA,NA,0,0,0,0,0,0,2,0,0,0,0,0,0,0,0,0,0,0,0,0,0,0,0,0,0,1,1,0,0,0,1,0,0,2,0,2,0,0,0,0,0,0,0,0,0,0,0,0,0,0,0,0,0,0,0,0,0,0,0,1,0,0,0,0,0,0,0,0,0,0,0,0,0,0,1,0,0,0,0,0,0,0,0,16,0,0,0,0,0,0,0,0,0,0,0,7,0,0,0,0,0,0,0,0,0,0,0,0,0,0,0,0,0,0,0,4,0,0,0,0,0,0,0,1,0,0,0,0,0,0,0,0,0,0,0,0,0,0,0,0,0,0,0,0,0,0,0,0,0,0,0,0,0,0,0,0,0,0,0,0,0,0,0,0,0,0,0,0,0,1,0,0,0,0,0,0,0,0,0,0,0,0,0,0,0,0,0,0,0,0,0,0,40,North Stradbroke,16/5/17 10:20,5,16,2017-05-16T00:20:00Z,23.12057143,0.232607143,35.5032,10.49964,NRS_NSI_Autumn
211,NRS_NSI,NSI20170627,2017,Winter,27/6/17 0:00,11:23:00,-27.345,153.562,North Stradbroke,271.464545,Scylla,22,Ring-500,60,NA,NA,NA,0,NA,NA,0,0,0,0,0,0,1,0,0,0,0,0,0,0,0,0,0,0,0,0,0,0,0,0,0,0,0,0,0,0,0,0,0,0,0,1,0,0,0,0,0,0,0,0,0,0,0,0,0,0,0,0,0,0,0,0,0,0,0,0,0,0,0,0,1,0,0,0,0,0,0,1,0,0,0,0,0,0,0,0,0,0,0,0,0,0,0,1,0,0,0,0,0,0,0,1,0,0,1,0,0,0,0,0,0,0,0,0,0,0,0,0,0,0,0,3,0,0,1,0,0,0,0,0,0,0,0,0,0,0,0,0,0,0,0,0,0,0,0,0,0,0,0,0,0,0,0,0,0,0,0,0,0,0,0,0,0,0,0,0,0,0,0,0,0,0,0,0,0,0,0,0,0,0,0,0,0,0,0,0,0,0,0,0,0,0,0,0,0,0,0,0,11,North Stradbroke,27/6/17 10:20,6,27,2017-06-27T00:20:00Z,22.80919286,0.180528571,35.46952857,9.23943,NRS_NSI_Winter
212,NRS_NSI,NSI20170627,2017,Winter,27/6/17 0:00,11:38:00,-27.345,153.562,North Stradbroke,247.8894306,Scylla,27,Ring-500,60,NA,NA,NA,0,NA,2 unknown,0,0,0,0,1,0,1,0,0,0,0,0,0,0,0,0,0,0,0,0,0,0,0,0,0,3,0,0,0,0,0,0,0,1,0,3,0,0,0,0,1,0,0,0,0,0,0,1,0,0,0,0,0,0,0,0,0,0,0,0,0,0,0,0,0,0,0,0,0,0,0,2,0,0,0,0,0,0,0,0,0,0,0,0,0,0,0,0,0,0,0,0,1,0,0,0,0,0,0,0,0,0,0,0,0,0,0,0,0,0,0,0,0,0,0,15,0,0,0,0,0,0,0,0,0,0,0,0,0,0,0,1,0,0,0,1,0,0,0,0,0,0,0,0,0,0,0,0,0,0,0,1,0,0,0,0,0,0,0,0,0,0,0,0,0,0,0,0,0,0,0,1,0,0,0,0,0,0,0,2,0,0,0,2,0,0,0,0,0,0,0,0,37,North Stradbroke,27/6/17 10:20,6,27,2017-06-27T00:20:00Z,22.80919286,0.180528571,35.46952857,9.23943,NRS_NSI_Winter
216,NRS_NSI,NSI20170717,2017,Winter,17/7/17 0:00,12:45:00,-27.345,153.562,North Stradbroke,263.4435164,Scylla,NA,Ring-500,60,NA,NA,NA,0,NA,1 unknown,0,0,0,0,0,0,25,0,0,0,0,0,0,0,0,0,0,0,0,0,0,0,0,0,0,0,1,0,0,0,0,0,0,0,0,0,0,0,0,0,1,0,0,0,0,0,0,1,0,0,0,0,0,0,0,0,0,0,0,0,0,0,0,1,0,0,0,0,0,0,0,1,0,0,0,0,0,0,0,0,3,0,0,1,0,0,0,5,0,0,0,0,0,0,0,0,0,0,0,0,0,6,0,0,1,0,0,0,0,0,0,0,0,0,0,5,1,1,0,0,0,0,0,0,0,0,0,0,0,0,0,0,0,0,0,1,0,0,2,0,0,0,0,0,0,0,0,0,0,0,0,1,0,0,0,0,0,0,0,0,0,0,0,0,0,0,0,0,0,0,0,0,0,0,0,0,0,0,0,0,0,0,0,1,0,0,0,0,0,0,0,0,58,North Stradbroke,17/7/17 11:05,7,17,2017-07-17T01:05:00Z,21.59762143,0.200828571,35.66805714,9.73451,NRS_NSI_Winter
217,NRS_NSI,NSI20170717,2017,Winter,17/7/17 0:00,13:04:00,-27.345,153.562,North Stradbroke,287.4151075,Scylla,NA,Ring-500,60,NA,NA,NA,0,NA,1 damaged; 1 unknown,0,0,0,0,0,0,27,0,0,0,0,0,0,0,0,0,0,0,0,0,0,0,0,0,0,0,0,0,0,0,0,0,0,0,0,2,0,0,0,0,0,0,0,0,0,0,0,0,0,0,0,0,0,0,0,0,0,0,0,0,0,0,0,0,0,0,0,0,0,0,0,0,0,0,0,0,0,0,0,0,0,0,0,1,0,0,0,8,0,0,0,0,0,0,0,1,0,0,0,0,0,24,0,0,1,0,0,0,0,0,0,0,0,0,0,4,0,0,0,0,0,0,0,0,0,0,0,0,0,0,0,0,0,0,0,0,0,0,0,0,0,0,0,0,0,0,0,0,0,0,0,0,0,0,0,0,0,0,0,0,0,0,0,0,0,0,0,0,0,0,0,0,0,0,0,0,0,0,0,0,0,0,0,2,0,0,0,0,0,0,0,0,70,North Stradbroke,17/7/17 11:05,7,17,2017-07-17T01:05:00Z,21.59762143,0.200828571,35.66805714,9.73451,NRS_NSI_Winter
233,NRS_NSI,NSI20170829,2017,Winter,29/8/17 0:00,13:40:00,-27.345,153.562,North Stradbroke,232.5640813,Scylla,25,Ring-500,60,NA,NA,NA,0,NA,NA,0,0,0,0,1,0,5,0,0,0,1,0,0,0,1,0,0,0,0,0,0,0,0,0,0,6,13,2,0,0,1,0,1,5,0,2,0,0,0,7,9,0,0,0,0,0,0,0,0,0,0,0,0,0,0,0,5,0,31,11,0,0,0,0,0,0,0,1,0,0,0,3,0,2,1,0,0,0,0,0,14,0,0,0,0,0,0,3,0,1,0,0,0,0,0,21,0,0,9,0,1,20,0,0,0,0,0,1,1,0,0,0,0,0,0,42,19,5,0,0,0,0,0,0,2,0,0,0,0,0,0,0,0,0,0,0,0,2,1,0,0,0,0,0,0,58,0,0,0,0,0,0,0,0,0,1,0,0,0,0,0,3,0,0,0,0,0,0,2,1,0,0,0,0,0,0,0,0,0,1,0,0,0,0,0,0,2,0,0,0,0,0,318,North Stradbroke,29/8/17 11:50,8,29,2017-08-29T01:50:00Z,22.06875385,0.229169231,35.61196923,10.22317,NRS_NSI_Winter
234,NRS_NSI,NSI20170829,2017,Winter,29/8/17 0:00,13:58:00,-27.345,153.562,North Stradbroke,254.1415631,Scylla,14,Ring-500,60,NA,NA,NA,0,NA,1 damaged,0,0,0,0,1,0,7,0,0,0,1,0,0,0,2,0,0,0,0,0,0,0,0,0,0,2,26,17,0,1,2,0,0,1,0,1,0,0,0,10,0,0,0,0,0,0,1,0,0,0,0,0,0,0,0,0,0,0,36,0,0,0,0,0,0,0,0,1,0,0,0,8,0,0,0,0,0,0,5,0,0,0,0,5,0,0,0,1,0,0,0,0,0,0,0,6,0,0,10,0,2,6,0,0,0,0,0,0,0,0,0,0,0,0,2,12,10,0,0,0,0,0,0,0,0,0,0,0,0,0,1,2,0,0,0,0,1,0,0,0,0,0,0,0,0,20,0,0,0,0,0,2,0,0,0,0,0,0,0,0,0,1,0,0,0,0,0,0,0,0,0,0,0,0,0,0,0,0,0,1,0,0,0,1,0,0,0,0,0,0,0,0,205,North Stradbroke,29/8/17 11:50,8,29,2017-08-29T01:50:00Z,22.06875385,0.229169231,35.61196923,10.22317,NRS_NSI_Winter
238,NRS_NSI,NSI20170927,2017,Spring,27/9/17 0:00,12:00:00,-27.345,153.562,North Stradbroke,239.1974414,Scylla,18,Ring-500,60,NA,NA,NA,0,NA,1 damaged,0,0,0,0,0,0,0,0,0,0,5,0,0,0,0,0,0,6,0,0,0,0,0,0,0,0,8,7,0,0,0,0,0,0,0,3,0,0,0,16,49,0,0,0,0,0,0,0,0,0,0,0,0,0,0,0,0,0,11,0,0,0,0,0,0,0,0,4,0,0,0,6,0,4,0,0,0,0,0,0,0,0,0,29,0,0,0,0,0,0,0,0,0,0,0,12,0,0,3,0,5,0,0,0,0,0,1,0,0,0,0,0,0,0,0,0,1,0,0,0,0,0,0,0,1,0,0,0,0,1,0,13,0,0,0,0,1,0,0,0,0,0,0,0,0,1,1,0,0,0,0,0,0,0,0,0,0,0,0,1,1,0,0,0,0,0,0,0,0,0,0,3,0,0,0,0,0,0,0,0,0,0,0,1,0,0,0,0,0,0,0,0,194,North Stradbroke,27/9/17 10:40,9,27,2017-09-27T00:40:00Z,22.44672857,0.3256,35.63903571,16.08703,NRS_NSI_Spring
239,NRS_NSI,NSI20170927,2017,Spring,27/9/17 0:00,12:30:00,-27.345,153.562,North Stradbroke,253.9433247,Scylla,19,Ring-500,60,NA,NA,NA,0,NA,3 damaged,0,0,0,0,0,0,0,0,0,0,3,0,0,0,0,0,0,0,0,1,0,0,0,0,0,0,2,2,0,0,0,0,0,0,0,4,0,0,0,0,32,0,0,0,0,0,0,0,0,0,0,0,0,0,0,0,0,0,2,1,0,0,0,0,0,0,0,2,0,0,0,2,0,3,0,0,0,0,0,0,0,0,0,14,0,0,0,0,0,0,0,0,0,0,0,5,0,0,13,0,1,0,0,0,0,0,0,0,0,0,0,0,0,0,3,0,4,0,0,0,0,0,0,0,0,1,0,0,0,0,1,2,0,0,0,1,3,0,0,0,0,0,0,0,0,0,0,0,0,0,0,1,0,0,0,0,0,0,0,1,0,0,0,0,0,0,0,0,0,0,0,0,0,0,0,0,0,0,0,1,0,0,0,3,0,0,0,0,0,0,0,0,108,North Stradbroke,27/9/17 10:40,9,27,2017-09-27T00:40:00Z,22.44672857,0.3256,35.63903571,16.08703,NRS_NSI_Spring
243,NRS_NSI,NSI20171023,2017,Spring,23/10/17 0:00,11:26:00,-27.345,153.562,North Stradbroke,228.7518053,Scylla,18,Ring-500,60,NA,NA,NA,0,NA,NA,0,0,0,0,0,0,0,0,0,0,0,0,0,0,0,0,0,0,0,0,0,0,0,0,0,1,5,0,0,0,0,0,0,0,0,2,0,0,0,5,0,0,0,0,0,0,0,3,0,0,0,0,0,0,0,0,0,0,2,0,0,0,0,1,0,0,0,0,0,0,0,0,0,0,0,0,0,0,0,0,0,0,0,4,0,0,0,0,0,0,0,0,0,0,0,8,0,0,9,0,5,0,0,0,0,0,0,0,0,0,0,0,0,0,1,4,4,0,0,0,0,0,0,0,0,0,0,0,0,0,0,0,0,0,0,0,0,1,0,0,0,0,0,0,0,0,179,0,0,0,0,1,0,0,0,0,0,0,0,0,0,0,0,0,0,0,0,0,1,0,0,0,0,0,0,0,0,0,0,1,0,0,0,0,0,0,0,0,0,0,0,0,237,North Stradbroke,23/10/17 10:25,10,23,2017-10-23T00:25:00Z,23.21695714,0.213971429,35.43418571,11.76886,NRS_NSI_Spring
244,NRS_NSI,NSI20171023,2017,Spring,23/10/17 0:00,11:44:00,-27.345,153.562,North Stradbroke,220.9290151,Scylla,21,Ring-500,60,NA,NA,NA,0,NA,2 damaged,2,0,0,0,0,0,3,0,0,0,1,0,0,0,0,0,0,0,0,0,0,0,0,0,0,1,0,0,0,0,0,0,0,0,0,1,0,0,0,0,0,0,2,0,0,0,0,0,0,0,0,0,0,0,0,2,1,0,0,0,0,0,0,0,0,0,0,1,0,0,0,0,0,2,0,0,0,0,0,0,0,0,0,0,0,0,0,0,0,0,0,0,0,0,0,7,0,0,2,0,5,0,0,0,0,0,0,0,0,0,0,0,0,0,1,9,2,0,0,0,0,0,0,0,0,0,0,0,0,1,0,0,0,0,0,0,0,1,0,0,0,0,0,0,0,6,61,0,0,0,0,1,0,0,0,0,0,0,0,0,0,0,0,0,0,0,0,0,0,0,0,0,0,0,0,0,0,0,0,0,0,0,0,2,0,0,0,0,0,0,0,0,114,North Stradbroke,23/10/17 10:25,10,23,2017-10-23T00:25:00Z,23.21695714,0.213971429,35.43418571,11.76886,NRS_NSI_Spring
253,NRS_NSI,NSI20171116,2017,Spring,16/11/17 0:00,11:50:00,-27.345,153.562,North Stradbroke,291.4713691,Scylla,30,Ring-500,60,NA,NA,NA,0,NA,5 unknown,1,0,0,0,0,0,3,0,0,0,1,0,0,0,0,0,0,0,0,1,1,0,0,0,0,0,1,0,0,0,0,0,0,0,0,1,1,0,0,9,0,0,2,0,0,0,0,1,0,0,0,0,0,0,0,0,0,0,0,1,0,0,0,0,0,0,0,0,0,0,0,17,0,1,0,0,0,0,0,0,0,0,0,12,0,0,0,1,0,0,0,0,0,0,0,7,0,0,3,0,32,0,0,0,0,0,1,0,1,0,0,0,0,0,1,4,2,0,0,0,0,0,1,0,0,0,0,0,0,0,0,2,0,0,0,0,0,4,0,0,0,0,0,0,0,0,46,0,0,0,0,2,0,0,0,0,0,0,0,0,0,0,0,0,0,0,0,0,3,0,1,0,0,0,0,0,0,0,0,0,0,0,0,5,0,0,0,0,0,0,0,0,169,North Stradbroke,16/11/17 10:30,11,16,2017-11-16T00:30:00Z,24.8479,0.152557143,35.45464286,7.92135,NRS_NSI_Spring
254,NRS_NSI,NSI20171116,2017,Spring,16/11/17 0:00,12:10:00,-27.345,153.562,North Stradbroke,203.3772967,Scylla,34,Ring-500,60,NA,NA,NA,0,NA,2 unknown,0,0,0,0,0,1,6,0,0,0,2,0,0,0,0,0,0,1,0,0,0,0,0,0,0,0,1,0,0,0,0,0,0,0,0,3,1,0,0,7,0,0,0,0,0,0,0,1,0,0,0,0,0,0,0,0,0,0,0,0,0,0,0,0,0,0,0,0,2,0,0,2,0,0,0,0,0,0,0,0,0,0,0,15,0,0,0,0,0,0,3,0,0,0,0,1,0,0,0,0,5,0,0,0,0,0,0,0,1,0,0,0,0,0,34,1,1,1,0,0,0,1,3,0,0,1,0,0,0,0,0,4,0,0,0,1,0,3,0,0,0,0,0,0,0,0,19,0,0,0,0,2,0,0,0,0,0,0,0,0,0,0,0,0,0,0,0,0,0,0,0,0,0,0,0,0,1,0,0,0,0,0,0,2,0,0,0,0,0,0,0,0,126,North Stradbroke,16/11/17 10:30,11,16,2017-11-16T00:30:00Z,24.8479,0.152557143,35.45464286,7.92135,NRS_NSI_Spring
257,NRS_NSI,NSI20171219,2017,Summer,19/12/17 0:00,12:05:00,-27.345,153.562,North Stradbroke,241.3933124,Scylla,22,Ring-500,60,NA,NA,NA,0,NA,5 unknown,0,0,0,0,0,0,0,0,0,0,0,0,0,0,0,0,0,0,0,0,1,0,0,0,0,0,2,0,0,0,0,0,0,0,0,2,0,0,0,0,2,0,1,0,0,0,0,2,0,0,0,0,0,0,0,0,0,0,0,0,0,0,0,0,0,0,0,0,0,0,0,21,0,0,0,0,0,0,0,0,0,0,0,4,0,0,0,1,0,0,0,0,0,0,0,1,0,0,1,0,3,0,0,0,0,0,0,0,0,0,0,0,0,0,2,0,1,0,0,0,0,0,0,0,0,0,0,0,0,0,0,1,0,0,0,0,0,0,0,0,0,0,0,0,0,0,6,0,0,0,0,0,0,0,0,0,0,0,0,0,0,0,0,0,0,1,0,0,0,0,0,2,0,0,0,0,0,0,0,0,0,0,0,5,0,0,0,0,0,0,0,0,59,North Stradbroke,19/12/17 10:45,12,19,2017-12-19T00:45:00Z,25.40294615,0.169346154,35.46568462,8.28141,NRS_NSI_Summer
258,NRS_NSI,NSI20171219,2017,Summer,19/12/17 0:00,12:25:00,-27.345,153.562,North Stradbroke,199.9462484,Scylla,26,Ring-500,60,NA,NA,NA,0,NA,NA,0,0,0,0,1,0,0,0,0,0,2,0,0,0,0,0,0,0,0,0,0,0,0,0,0,0,2,0,0,0,0,0,0,0,0,0,0,0,0,0,0,0,0,0,0,0,0,0,0,0,0,0,0,0,0,0,0,0,0,0,0,0,0,0,0,0,0,0,0,0,0,0,0,0,0,0,0,0,0,0,0,0,0,0,0,0,0,0,0,0,0,0,0,0,0,0,0,0,0,0,0,0,0,0,0,0,0,0,0,0,0,0,0,0,0,0,0,0,0,0,0,0,0,0,0,0,0,0,0,0,0,0,0,0,0,0,0,0,0,0,0,0,0,0,0,0,0,0,0,0,0,0,0,0,0,0,0,0,0,0,0,0,0,0,0,0,0,0,0,0,0,0,0,0,0,0,0,0,0,0,0,0,0,0,0,0,0,0,0,0,0,0,5,North Stradbroke,19/12/17 10:45,12,19,2017-12-19T00:45:00Z,25.40294615,0.169346154,35.46568462,8.28141,NRS_NSI_Summer
273,NRS_NSI,NSI20180123,2018,Summer,23/1/18 0:00,11:20:00,-27.345,153.562,North Stradbroke,263.5960074,Scylla,16,Ring-500,60,NA,NA,NA,0,NA,2 unknown,1,0,0,0,0,0,6,0,0,0,2,0,0,0,0,0,0,1,0,0,0,0,0,0,0,0,0,0,0,0,0,0,0,0,0,3,1,0,0,7,0,0,0,0,0,0,0,1,0,0,0,0,0,0,0,0,0,0,0,0,0,0,0,0,0,0,0,0,2,0,0,2,0,0,0,0,0,0,0,0,0,0,0,15,0,0,0,0,0,0,2,0,0,0,0,1,0,0,0,1,5,0,0,0,0,0,0,0,1,0,0,0,0,0,34,1,1,1,0,0,0,1,3,0,0,1,0,0,0,0,0,4,0,0,0,1,0,3,0,0,0,0,0,0,0,0,19,0,0,0,0,2,0,0,0,0,0,0,0,0,0,0,0,0,0,0,0,0,0,0,0,0,0,0,0,0,1,0,0,0,0,0,0,2,0,0,0,0,0,0,0,0,125,North Stradbroke,23/1/18 10:20,1,23,2018-01-23T00:20:00Z,26.40767857,0.200478571,35.59927143,13.9138,NRS_NSI_Summer
274,NRS_NSI,NSI20180123,2018,Summer,23/1/18 0:00,11:34:00,-27.345,153.562,North Stradbroke,264.6481956,Scylla,18,Ring-500,60,NA,NA,NA,0,NA,3 unknown,0,0,0,0,0,0,2,0,0,0,0,0,0,0,0,0,0,2,0,0,1,0,0,0,0,0,0,0,0,0,0,0,0,0,0,2,0,0,0,0,0,0,14,0,0,0,0,5,0,0,0,0,0,0,0,0,0,0,0,0,0,0,0,4,0,0,0,0,2,0,0,0,0,1,0,0,0,0,0,0,0,0,0,4,0,0,0,0,0,0,0,0,0,0,0,4,0,0,2,0,3,0,0,0,0,0,2,0,1,0,0,0,0,0,6,0,0,0,0,0,0,0,3,0,0,0,0,0,0,0,0,0,0,0,0,2,0,4,0,0,0,0,0,0,0,1,10,0,0,0,0,0,0,0,0,0,0,0,0,0,0,0,0,0,0,2,0,0,0,0,0,1,0,0,0,0,0,0,0,0,0,0,0,3,0,0,0,0,0,0,0,0,81,North Stradbroke,23/1/18 10:20,1,23,2018-01-23T00:20:00Z,26.40767857,0.200478571,35.59927143,13.9138,NRS_NSI_Summer
270,NRS_NSI,NSI20180302,2018,Autumn,2/3/18 0:00,11:32:00,-27.345,153.562,North Stradbroke,270.6563425,Scylla,NA,Ring-500,60,NA,NA,NA,0,NA,2 damaged; 2 unknown,0,0,0,0,0,0,0,0,0,0,0,0,0,0,0,0,0,0,0,0,0,0,0,0,0,0,0,0,0,0,0,0,0,0,0,1,0,0,0,0,0,0,1,0,0,0,0,2,0,0,0,0,0,0,0,0,0,0,1,0,0,0,0,0,0,0,0,0,1,0,0,2,0,0,0,0,0,0,0,0,0,0,0,4,0,0,0,2,0,0,0,0,0,0,0,1,0,0,2,0,3,0,0,0,0,0,0,0,1,0,0,0,0,0,0,0,1,0,0,0,0,2,0,0,0,0,1,0,0,0,0,0,0,0,0,0,0,0,0,0,0,0,0,0,0,0,3,0,0,0,0,0,0,0,0,0,0,0,0,0,0,0,0,0,0,1,0,0,0,0,0,0,0,0,0,0,0,0,0,0,0,0,0,4,0,0,0,0,0,0,0,0,33,North Stradbroke,2/3/18 10:25,3,2,2018-03-02T00:25:00Z,27.89452857,0.13665,35.18178571,10.2939,NRS_NSI_Autumn
271,NRS_NSI,NSI20180302,2018,Autumn,2/3/18 0:00,11:50:00,-27.345,153.562,North Stradbroke,270.6105951,Scylla,NA,Ring-500,60,NA,NA,NA,0,NA,NA,0,0,0,0,0,0,0,0,0,0,0,0,0,0,0,0,0,0,0,0,0,0,0,0,0,0,0,0,0,0,0,0,0,0,0,1,0,0,0,0,0,0,5,0,0,0,0,2,0,0,0,0,0,0,0,3,0,0,0,0,0,0,0,0,0,0,0,0,0,0,0,1,0,0,0,0,0,0,0,0,0,0,0,1,0,0,0,1,0,0,0,0,0,0,0,1,0,0,2,0,3,0,0,0,0,0,0,0,0,0,0,0,0,1,1,1,0,0,0,0,0,0,0,0,0,0,0,0,0,0,0,0,0,0,0,0,0,2,0,0,0,0,0,0,0,0,4,0,0,0,0,1,0,0,0,0,0,0,0,0,0,0,0,0,0,0,0,0,0,0,0,0,0,0,0,0,0,0,0,0,0,0,0,0,0,0,0,0,0,0,0,0,30,North Stradbroke,2/3/18 10:25,3,2,2018-03-02T00:25:00Z,27.89452857,0.13665,35.18178571,10.2939,NRS_NSI_Autumn
268,NRS_NSI,NSI20180320,2018,Autumn,20/3/18 0:00,11:50:00,-27.345,153.562,North Stradbroke,363.630128,Scylla,26,Ring-500,60,NA,NA,NA,0,NA,2 damaged; 3 unknown,0,0,0,0,0,0,3,0,0,0,8,0,0,0,0,0,0,0,0,0,0,0,0,0,0,0,3,0,0,0,0,0,0,0,0,11,0,0,0,4,0,0,1,0,0,0,0,1,0,0,0,0,0,0,0,0,1,0,0,0,0,0,0,1,0,0,0,2,0,0,0,14,0,0,0,0,0,0,0,0,0,0,0,15,0,0,0,0,0,0,1,0,0,0,0,11,0,0,8,0,17,0,0,0,0,0,0,0,1,0,0,0,0,0,1,0,3,0,0,0,0,0,0,0,0,0,0,0,0,0,0,0,0,0,0,0,0,0,0,0,0,0,0,0,0,0,0,0,0,0,0,5,0,0,0,0,0,0,0,2,0,0,0,0,0,1,0,0,0,0,0,0,0,0,0,0,2,0,0,0,0,0,0,5,0,0,0,0,0,0,0,0,121,North Stradbroke,20/3/18 10:40,3,20,2018-03-20T00:40:00Z,26.78717143,0.187828571,35.27349286,10.2939,NRS_NSI_Autumn
266,NRS_NSI,NSI20180417,2018,Autumn,17/4/18 0:00,11:22:00,-27.345,153.562,North Stradbroke,340.6497287,Scylla,35,Ring-500,60,NA,NA,NA,0,NA,4 unknown,0,0,0,0,0,0,1,0,0,0,2,0,0,0,0,0,0,1,0,0,1,0,0,0,0,0,0,0,0,0,0,0,0,0,0,0,0,0,0,7,1,0,0,0,0,0,0,0,0,0,0,0,0,0,0,0,0,0,0,0,0,0,0,1,0,0,0,0,0,0,0,1,0,0,0,0,0,0,0,0,2,0,0,0,0,0,0,0,0,0,0,0,0,0,0,1,0,0,3,0,1,0,0,0,0,0,0,0,0,0,0,0,0,1,1,6,0,0,0,0,0,0,0,0,0,0,0,0,0,0,0,0,0,0,0,0,0,0,0,0,0,0,0,0,0,0,0,0,0,0,0,1,0,0,0,0,0,0,0,0,0,0,0,0,0,0,0,0,0,0,0,0,0,0,0,0,1,0,0,0,0,0,0,4,0,0,0,0,0,0,0,0,36,North Stradbroke,17/4/18 10:15,4,17,2018-04-17T00:15:00Z,26.28143571,0.123821429,35.185657140000004,9.41303,NRS_NSI_Autumn
306,NRS_NSI,NSI20180530,2018,Autumn,30/5/18 0:00,11:26:00,-27.345,153.562,North Stradbroke,373.7860311,Scylla,42,Ring-500,60,NA,NA,NA,0,NA,1 damaged; 2 unknown,0,0,0,0,1,0,13,0,0,0,1,0,0,0,0,0,0,0,0,0,0,0,0,0,0,3,1,1,0,0,0,0,0,3,0,0,0,1,0,1,0,0,0,0,0,0,0,4,0,0,0,0,0,0,0,0,1,0,0,10,0,0,0,2,0,0,0,1,0,0,0,6,0,0,0,0,0,0,0,0,1,0,0,5,0,0,0,0,0,0,0,0,0,0,0,4,0,0,0,0,2,0,0,0,2,0,0,0,1,0,0,0,0,1,0,17,1,0,0,0,0,0,0,0,0,2,0,0,0,0,0,1,0,0,0,0,0,0,0,0,0,0,0,0,0,0,0,0,0,0,0,0,0,0,0,0,0,0,0,0,0,1,0,0,0,0,0,0,0,0,0,0,0,0,0,0,1,0,0,2,0,0,0,3,0,0,0,0,0,0,0,0,93,North Stradbroke,30/5/18 10:20,5,30,2018-05-30T00:20:00Z,23.74360714,0.187342857,35.44355714,9.65736,NRS_NSI_Autumn
331,NRS_NSI,NSI20180718,2018,Winter,18/7/18 0:00,11:30:00,-27.345,153.562,North Stradbroke,334.5805854,Scylla,34,Ring-500,60,NA,NA,NA,0,NA,3 unknown,0,0,0,1,0,0,24,0,0,0,3,0,0,0,1,0,0,0,0,0,0,0,0,0,0,2,3,1,0,0,0,0,0,3,0,2,0,0,0,0,22,0,2,0,0,0,0,0,0,0,0,0,1,0,0,0,0,0,0,0,0,0,0,0,3,0,0,0,0,0,0,4,0,0,0,0,0,0,0,0,0,0,0,1,0,0,0,0,0,0,0,0,0,0,0,10,0,0,2,0,6,0,0,0,0,0,3,0,1,0,0,0,0,0,2,5,3,3,0,0,0,0,0,0,0,2,0,0,0,0,0,4,0,0,0,2,0,0,0,0,0,0,0,0,0,3,0,0,0,0,0,3,0,0,0,0,0,0,0,0,0,0,0,0,0,0,0,0,0,0,0,0,0,0,0,0,1,0,0,5,0,0,0,3,0,0,0,0,0,0,0,0,131,North Stradbroke,18/7/18 10:20,7,18,2018-07-18T00:20:00Z,20.99531429,0.323885714,35.53774286,16.10632,NRS_NSI_Winter
329,NRS_NSI,NSI20180817,2018,Winter,17/8/18 0:00,11:17:00,-27.345,153.562,North Stradbroke,346.6273773,Scylla,27,Ring-500,60,NA,NA,NA,0,NA,NA,0,0,0,2,0,0,0,0,0,0,1,0,0,0,0,0,0,0,0,0,0,0,0,0,0,2,1,0,0,0,0,0,1,7,0,2,0,0,0,0,3,0,0,0,0,0,0,0,0,0,0,0,0,0,0,0,0,0,0,1,0,0,0,0,0,0,0,1,0,0,0,2,0,0,0,0,0,0,0,0,1,0,0,2,0,0,0,0,0,0,0,1,2,0,0,1,0,0,0,0,0,0,0,0,0,0,0,0,1,0,0,0,0,0,0,1,3,0,0,0,0,0,0,0,0,0,0,0,0,0,0,6,0,0,0,0,0,0,0,0,0,0,0,0,0,17,0,0,0,0,0,0,0,0,0,0,0,0,0,0,0,0,0,0,0,0,0,0,2,0,0,1,0,0,0,0,0,0,0,3,0,0,0,0,0,0,0,0,0,0,0,0,64,North Stradbroke,17/8/18 10:20,8,17,2018-08-17T00:20:00Z,20.88072143,0.328828571,35.64970714,11.82416,NRS_NSI_Winter
334,NRS_NSI,NSI20180913,2018,Spring,13/9/18 0:00,11:53:00,-27.345,153.562,North Stradbroke,332.1559779,Scylla,31,Ring-500,60,NA,NA,NA,0,NA,NA,0,0,0,0,0,0,0,0,0,0,0,0,0,0,0,0,0,0,0,0,0,0,0,0,0,2,2,0,0,0,0,0,0,1,0,0,0,0,0,0,8,0,0,0,0,0,0,0,0,0,0,0,0,0,0,0,0,0,0,0,0,0,0,0,0,0,0,0,0,0,0,1,0,0,0,0,0,0,0,0,0,0,0,0,0,0,0,0,0,0,0,0,0,0,0,0,0,0,0,0,0,1,0,0,0,0,0,0,1,0,0,0,0,0,2,1,1,0,0,0,0,0,0,0,0,0,0,0,0,0,0,1,0,0,0,0,0,0,0,0,0,0,0,0,0,0,0,0,0,0,0,0,0,0,0,0,0,0,0,0,0,0,0,0,0,0,0,0,0,0,0,0,0,0,0,0,0,0,0,0,0,0,0,0,0,0,0,0,0,0,0,0,21,North Stradbroke,13/9/18 10:20,9,13,2018-09-13T00:20:00Z,21.24747692,0.195669231,35.5998,20.56851,NRS_NSI_Spring
335,NRS_NSI,NSI20181023,2018,Spring,23/10/18 0:00,11:40:00,-27.345,153.562,North Stradbroke,428.5303136,Scylla,27,Ring-500,60,NA,NA,NA,0,NA,1 damaged; 3 unknown,0,0,0,0,0,1,2,0,0,0,1,0,0,0,1,0,0,0,0,0,0,0,0,0,0,0,0,0,0,0,0,0,0,0,1,7,0,1,0,8,0,0,1,0,0,0,0,21,0,0,0,0,0,0,0,0,1,0,0,0,0,0,0,0,0,0,0,0,0,0,0,0,0,1,0,0,0,0,0,0,0,0,0,0,0,0,0,1,0,0,0,0,0,0,0,10,0,0,6,0,5,0,0,0,0,0,0,0,1,0,0,0,0,0,7,2,3,0,0,0,0,0,1,0,0,0,0,0,0,0,0,0,0,0,0,9,1,7,0,0,0,0,0,0,0,1,112,0,0,0,0,1,0,0,0,0,0,0,0,0,0,0,0,0,0,1,0,0,0,0,0,0,0,0,0,0,0,0,0,1,0,0,0,4,0,0,0,1,0,0,0,0,220,North Stradbroke,23/10/18 10:30,10,23,2018-10-23T00:30:00Z,23.94189286,0.215142857,35.45252143,15.18044,NRS_NSI_Spring
357,NRS_NSI,NSI20181115,2018,Spring,15/11/18 0:00,12:06:00,-27.345,153.562,North Stradbroke,294.9786629,Scylla,29,Ring-500,60,NA,NA,NA,0,NA,NA,0,0,0,0,0,0,2,0,0,0,0,0,0,0,0,0,0,0,0,0,0,0,0,0,0,0,11,1,0,0,0,0,0,0,1,7,0,0,0,10,3,0,0,0,0,0,0,0,0,0,0,0,0,0,0,0,0,0,7,0,0,0,0,0,0,0,0,0,0,0,0,8,0,0,0,0,0,0,0,0,0,0,0,2,0,0,0,0,0,0,0,0,0,0,2,3,0,0,7,0,5,0,0,0,0,0,0,0,3,0,0,0,0,0,15,1,2,0,0,0,0,0,0,0,0,2,0,0,0,0,0,4,0,0,0,1,0,0,0,0,0,0,0,0,0,0,29,0,0,0,0,0,0,0,0,0,0,0,0,1,0,0,0,0,0,0,0,0,1,0,0,0,0,0,0,0,0,0,0,0,0,0,0,0,0,0,0,0,0,0,0,0,128,North Stradbroke,15/11/18 10:40,11,15,2018-11-15T00:40:00Z,23.91442143,0.234535714,35.58366429,15.10007,NRS_NSI_Spring
115,NRS_PH,PHB20160201,2016,Summer,2/2/16 0:00,10:14:00,-34.11923,151.22667,Port Hacking,357,Bombora,NA,Ring-500,100,NA,NA,NA,0,NA,1 unknown,0,0,0,0,1,0,0,0,0,0,0,0,11,0,0,0,0,0,5,0,0,0,0,0,0,0,0,0,0,0,0,0,0,0,0,1,0,19,0,0,2,0,2,0,0,0,0,0,0,0,0,0,1,0,0,0,0,0,7,0,0,0,0,0,0,0,0,0,0,0,0,0,0,0,0,0,0,0,0,0,0,0,0,0,0,0,0,4,0,0,0,0,0,0,0,1,0,0,0,0,0,0,0,0,0,0,0,0,0,0,0,0,0,0,0,4,0,0,0,0,0,0,0,0,0,0,0,0,0,0,0,0,0,0,0,1,0,0,0,0,0,0,0,0,0,0,1,0,0,0,0,0,0,0,0,0,0,1,0,0,0,0,1,0,0,0,0,0,2,0,0,0,0,0,0,0,0,0,0,0,0,0,0,1,0,0,0,0,0,0,0,0,65,Port Hacking,2/2/16 10:52,2,2,2016-02-01T23:52:00Z,NA,NA,NA,7.62076,NRS_PH_Summer
121,NRS_PH,PHB20160229,2016,Autumn,1/3/16 0:00,08:56:00,-34.11923,151.22667,Port Hacking,379,Bombora,NA,Ring-500,100,NA,NA,NA,0,NA,1 unknown,0,2,0,0,10,0,3,0,0,0,0,0,0,0,0,0,0,0,1,0,1,0,0,0,0,0,2,0,1,0,0,0,0,0,0,8,0,1,0,0,56,0,0,0,0,0,1,0,0,4,0,0,0,0,0,0,0,0,1,0,0,0,0,0,2,0,0,3,0,0,0,6,0,0,0,0,0,0,0,0,0,0,0,0,0,0,0,0,0,0,0,0,0,0,0,2,0,0,0,0,2,0,0,0,0,0,0,0,0,0,4,0,4,0,0,0,3,0,0,0,0,0,0,0,5,0,0,1,0,2,5,80,0,0,0,0,0,0,0,0,0,0,0,0,0,0,0,0,0,0,0,1,0,0,1,44,0,0,0,4,3,0,0,0,0,0,0,0,1,1,0,0,0,0,0,0,0,0,0,6,0,0,0,1,0,0,0,0,0,0,0,0,272,Port Hacking,1/3/16 9:00,3,1,2016-02-29T22:00:00Z,22.5194,1.266246154,35.42056923,11.22427,NRS_PH_Autumn
122,NRS_PH,PHB20160229,2016,Autumn,1/3/16 0:00,09:09:00,-34.11923,151.22667,Port Hacking,368.0218699,Bombora,NA,Ring-500,100,NA,NA,NA,0,NA,NA,0,0,0,0,0,0,0,0,0,0,0,0,0,0,0,0,0,0,0,0,0,0,0,0,0,0,0,0,0,0,0,0,0,0,0,0,0,0,0,0,1,0,0,0,0,0,0,0,0,0,0,0,0,0,0,0,0,0,0,0,0,0,0,0,0,0,0,0,0,0,0,0,0,0,0,0,0,0,0,0,0,0,0,0,0,0,0,0,0,0,0,0,0,0,0,0,0,0,0,0,0,0,0,0,0,0,0,0,0,0,0,0,0,0,0,0,0,0,0,0,0,0,0,0,0,0,0,0,0,0,0,0,0,0,0,0,0,0,0,0,0,0,0,0,0,0,0,0,0,0,0,0,0,0,0,0,0,1,0,0,0,0,0,0,0,0,0,0,0,0,0,0,0,0,0,0,0,0,0,0,0,0,0,0,0,0,0,0,0,0,0,0,2,Port Hacking,1/3/16 9:00,3,1,2016-02-29T22:00:00Z,22.5194,1.266246154,35.42056923,11.22427,NRS_PH_Autumn
123,NRS_PH,PHB20160407,2016,Autumn,8/4/16 0:00,08:41:00,-34.11923,151.22667,Port Hacking,345,Bombora,NA,Ring-500,100,NA,NA,NA,0,NA,NA,0,0,0,0,0,0,3,0,0,0,0,0,0,0,0,0,0,0,2,0,0,0,0,0,0,0,0,0,0,0,0,0,0,0,0,2,0,0,0,0,1,0,0,0,0,0,0,0,0,0,0,0,0,0,0,0,0,0,0,0,0,0,0,0,0,0,0,0,0,0,0,0,0,0,0,0,0,0,0,0,0,0,0,2,0,0,0,2,0,0,0,0,0,0,0,0,0,1,1,0,0,0,0,0,0,0,0,0,0,0,0,0,0,0,0,25,0,0,0,0,0,0,0,0,0,0,0,0,0,0,0,0,0,0,0,1,0,0,0,0,0,0,0,0,0,0,0,0,0,0,0,7,0,0,0,0,0,0,0,0,0,0,0,0,0,0,0,0,0,0,0,0,0,0,0,0,0,0,0,1,0,0,0,0,0,0,0,0,0,0,0,0,48,Port Hacking,8/4/16 9:13,4,8,2016-04-07T23:13:00Z,22.28933571,3.228128571,35.67159286,6.23452,NRS_PH_Autumn
124,NRS_PH,PHB20160407,2016,Autumn,8/4/16 0:00,08:55:00,-34.11923,151.22667,Port Hacking,321.3138651,Bombora,NA,Ring-500,100,NA,NA,NA,0,NA,NA,0,0,0,0,0,0,0,0,0,0,0,0,0,0,0,0,0,0,0,0,0,0,0,0,0,0,0,0,0,0,0,0,0,0,0,0,0,0,0,0,6,0,0,0,0,0,0,0,0,0,0,0,0,0,0,0,0,0,0,0,0,0,0,0,0,0,0,1,0,0,0,0,0,0,0,0,0,0,0,0,0,0,0,0,0,0,0,1,0,0,0,0,0,0,0,0,0,0,0,0,0,0,0,0,0,0,0,0,0,0,0,0,0,0,0,0,0,0,0,0,0,0,0,0,0,0,0,0,0,0,0,0,0,0,0,0,0,0,0,0,0,0,0,0,0,0,0,0,0,0,0,4,0,0,0,0,0,0,0,0,0,0,0,0,0,0,0,0,0,0,0,0,0,0,0,0,0,0,0,0,0,0,0,0,0,0,0,0,0,0,0,0,12,Port Hacking,8/4/16 9:13,4,8,2016-04-07T23:13:00Z,22.28933571,3.228128571,35.67159286,6.23452,NRS_PH_Autumn
127,NRS_PH,PHB20160502,2016,Autumn,3/5/16 0:00,11:02:00,-34.11923,151.22667,Port Hacking,400,Bombora,NA,Ring-500,100,NA,NA,NA,0,NA,NA,0,0,0,0,0,0,3,0,0,0,0,0,0,0,0,0,0,0,0,0,0,0,0,0,0,0,0,0,0,0,0,0,0,0,0,0,0,0,0,0,0,0,0,0,0,0,1,0,0,0,0,0,0,0,0,0,0,0,0,0,0,0,0,0,0,0,0,0,0,0,0,0,0,0,0,0,0,0,0,0,0,0,0,0,0,0,0,0,0,0,0,0,0,0,0,0,0,0,0,0,0,0,0,0,0,0,0,0,0,0,0,0,0,0,0,0,0,0,0,0,0,0,0,0,0,0,0,0,0,0,0,2,0,0,0,1,0,0,0,0,0,0,0,0,0,0,0,0,0,0,0,0,0,0,0,0,1,0,0,0,0,0,0,0,0,0,0,0,0,0,0,0,0,0,0,0,0,0,0,0,0,0,0,0,0,0,0,0,0,0,0,0,8,Port Hacking,3/5/16 9:14,5,3,2016-05-02T23:14:00Z,NA,NA,NA,3.88994,NRS_PH_Autumn
128,NRS_PH,PHB20160502,2016,Autumn,3/5/16 0:00,11:17:00,-34.11923,151.22667,Port Hacking,402.8813211,Bombora,NA,Ring-500,100,NA,NA,NA,0,NA,1 damaged,0,0,0,0,0,0,0,0,0,0,0,0,0,0,0,0,0,0,0,0,0,0,0,0,0,0,0,0,0,0,0,0,0,0,0,0,0,0,0,0,0,0,0,0,0,0,0,0,0,0,0,0,0,0,0,0,0,0,0,0,0,0,0,0,0,0,0,0,0,0,0,0,0,0,0,0,0,0,0,0,0,0,0,0,0,0,0,0,0,0,0,0,0,0,0,0,0,0,0,0,0,0,0,0,0,0,0,0,0,0,0,0,0,0,0,0,0,0,0,0,0,0,0,0,0,0,0,0,0,0,0,0,0,0,0,0,0,0,0,0,0,0,0,0,0,0,0,0,0,0,0,0,0,0,0,0,0,0,0,0,0,0,0,0,0,0,0,0,0,0,0,0,0,0,0,0,0,0,0,0,0,0,0,1,0,0,0,0,0,0,0,0,1,Port Hacking,3/5/16 9:14,5,3,2016-05-02T23:14:00Z,NA,NA,NA,3.88994,NRS_PH_Autumn
142,NRS_PH,PHB20160615,2016,Winter,15/6/16 0:00,10:27:00,-34.11923,151.22667,Port Hacking,376,Bombora,NA,Ring-500,100,NA,NA,NA,0,NA,NA,0,0,0,0,0,0,24,0,0,0,0,0,0,0,0,0,0,0,0,0,0,0,0,0,0,0,0,0,0,0,0,0,0,0,0,0,0,0,0,0,0,0,0,0,0,0,0,0,0,0,0,0,0,0,0,0,0,0,0,0,0,0,0,0,0,0,0,0,0,0,0,0,0,0,0,0,0,0,0,0,0,0,0,0,0,0,0,0,0,0,0,0,0,0,0,2,0,0,0,0,0,0,0,0,0,0,0,0,0,0,0,0,0,0,0,2,0,0,0,0,0,0,0,0,0,0,0,0,0,0,0,0,0,0,0,0,0,0,1,0,0,0,0,0,0,0,0,0,0,0,0,0,0,0,0,0,0,0,0,0,0,0,0,0,0,0,0,0,0,0,0,0,0,2,0,0,0,0,0,2,0,0,0,0,0,0,0,0,0,0,0,0,33,Port Hacking,15/6/16 11:06,6,15,2016-06-15T01:06:00Z,NA,NA,NA,3.7591,NRS_PH_Winter
143,NRS_PH,PHB20160615,2016,Winter,15/6/16 0:00,10:44:00,-34.11923,151.22667,Port Hacking,314.65000680000003,Bombora,NA,Ring-500,100,NA,NA,NA,0,NA,3 damaged,0,0,0,0,0,0,1,0,0,0,0,0,0,0,0,0,0,0,0,0,0,0,0,0,0,0,0,0,0,0,0,0,0,0,0,0,0,0,0,0,0,0,0,0,0,0,4,0,0,0,0,0,0,0,0,0,0,0,0,1,0,0,0,0,0,0,0,0,0,0,0,0,0,0,0,0,0,0,0,0,0,0,0,0,0,0,0,0,0,0,0,0,0,0,0,0,0,0,0,0,0,1,0,0,0,0,0,0,0,0,0,0,0,0,0,0,0,0,0,0,0,0,0,0,0,0,0,0,0,0,0,0,0,0,0,0,0,1,0,0,0,0,0,0,0,0,0,0,0,0,0,0,0,0,0,0,0,0,0,0,0,0,0,0,0,0,0,0,0,0,0,0,0,0,0,0,0,0,0,2,0,0,0,3,0,0,0,0,0,0,0,0,13,Port Hacking,15/6/16 11:06,6,15,2016-06-15T01:06:00Z,NA,NA,NA,3.7591,NRS_PH_Winter
155,NRS_PH,PHB20160719,2016,Winter,19/7/16 0:00,09:30:00,-34.11923,151.22667,Port Hacking,435,Bombora,NA,Ring-500,100,NA,NA,NA,0,NA,NA,0,0,0,0,0,0,0,1,0,0,1,0,0,0,0,0,0,0,0,0,0,0,0,0,0,0,0,0,2,0,0,0,0,0,0,0,0,0,0,0,10,0,0,0,0,0,1,0,0,0,0,0,0,0,0,0,0,0,37,0,0,0,0,0,0,0,0,0,0,0,0,0,0,0,0,0,0,0,0,0,0,0,0,0,0,0,0,0,0,0,0,0,0,0,0,0,0,0,0,0,0,0,0,0,0,0,0,0,3,0,0,0,0,0,1,0,0,0,0,0,0,0,0,0,0,0,0,0,0,0,0,6,0,0,0,0,0,0,0,0,0,0,0,0,0,0,0,0,0,0,0,0,0,0,0,0,8,0,0,0,0,3,0,0,0,0,0,0,0,0,0,0,0,0,0,0,0,0,0,3,0,0,0,0,0,0,0,0,0,0,0,0,76,Port Hacking,19/7/16 10:19,7,19,2016-07-19T00:19:00Z,18.29897143,2.077714286,35.66095,6.17087,NRS_PH_Winter
156,NRS_PH,PHB20160719,2016,Winter,19/7/16 0:00,09:49:00,-34.11923,151.22667,Port Hacking,457.6713508,Bombora,NA,Ring-500,100,NA,NA,NA,0,NA,3 unknown,0,0,0,0,0,0,0,0,0,0,0,0,0,0,0,0,0,0,0,0,0,0,0,0,0,0,0,0,1,0,0,0,0,0,0,1,0,0,0,0,14,0,0,0,0,0,13,0,0,0,0,0,0,0,0,0,0,0,2,2,0,0,0,0,0,0,0,0,0,0,0,0,0,0,0,0,0,0,0,0,0,0,0,0,0,0,0,0,0,0,0,0,0,0,0,0,0,0,0,0,0,0,0,0,0,0,0,0,0,0,0,0,3,0,0,0,0,0,0,0,0,0,0,0,0,0,0,0,0,0,2,33,0,0,0,0,0,0,0,0,0,0,0,0,0,0,0,0,0,0,0,0,3,0,0,0,21,0,0,0,0,0,0,0,0,0,0,0,0,0,0,0,0,1,0,0,0,0,0,0,0,0,0,3,0,0,0,0,0,0,0,0,99,Port Hacking,19/7/16 10:19,7,19,2016-07-19T00:19:00Z,18.29897143,2.077714286,35.66095,6.17087,NRS_PH_Winter
157,NRS_PH,PHB20160829,2016,Winter,30/8/16 0:00,08:43:00,-34.11923,151.22667,Port Hacking,488,Bombora,NA,Ring-500,100,NA,NA,NA,0,NA,NA,0,0,0,0,0,0,11,0,0,0,0,0,0,0,0,0,0,0,0,0,0,0,0,0,0,0,0,0,11,0,0,0,0,0,1,0,0,12,0,0,52,0,0,0,0,0,1,0,0,0,0,0,0,0,0,0,0,0,280,2,0,0,0,0,0,0,0,0,0,0,0,3,0,0,0,0,0,0,0,0,0,0,0,0,0,0,0,0,0,0,0,0,0,0,0,1,0,0,0,0,0,25,0,0,0,2,0,0,2,0,0,1,0,0,1,1,0,0,0,0,0,0,0,0,1,0,0,0,0,0,0,9,0,0,0,3,0,0,0,0,0,0,0,0,0,39,0,8,0,0,2,0,1,0,0,0,5,0,0,0,0,3,0,0,0,0,0,0,0,1,0,0,0,0,0,0,0,0,0,3,0,0,0,0,0,0,0,0,0,0,0,0,481,Port Hacking,30/8/16 9:20,8,30,2016-08-29T23:20:00Z,18.11620769,2.327515385,35.6691,9.39953,NRS_PH_Winter
158,NRS_PH,PHB20160829,2016,Winter,30/8/16 0:00,09:00:00,-34.11923,151.22667,Port Hacking,449.8638097,Bombora,NA,Ring-500,100,NA,NA,NA,0,NA,NA,0,0,0,0,0,0,0,0,0,0,0,0,0,0,0,0,0,0,0,0,0,0,0,0,0,0,0,0,0,0,0,0,0,0,0,0,0,7,0,0,82,0,0,0,0,0,0,0,0,0,0,0,0,0,0,0,0,0,1,0,0,0,0,0,0,0,0,0,0,0,0,0,0,0,0,0,0,0,0,0,0,0,0,0,0,0,0,0,0,0,0,0,0,0,0,0,0,0,0,0,0,0,0,0,0,0,0,0,0,0,0,0,0,0,0,0,0,0,0,0,0,0,0,0,0,0,0,0,0,0,0,0,0,0,0,0,0,0,0,0,0,0,0,0,0,6,0,0,0,0,1,0,0,0,0,0,0,0,0,0,0,2,0,1,0,0,0,0,0,0,0,0,0,0,0,0,0,0,0,0,0,0,0,0,0,0,0,0,0,0,0,0,100,Port Hacking,30/8/16 9:20,8,30,2016-08-29T23:20:00Z,18.11620769,2.327515385,35.6691,9.39953,NRS_PH_Winter
181,NRS_PH,PHB20160926,2016,Spring,26/9/16 0:00,08:38:00,-34.11923,151.22667,Port Hacking,429,Bombora,NA,Ring-500,100,NA,NA,NA,0,NA,1 unknown,0,0,0,0,0,0,19,0,0,0,1,0,0,0,0,0,0,0,1,0,1,0,0,0,0,1,0,0,6,0,0,0,5,14,0,4,0,8,0,0,93,0,2,0,0,0,0,5,0,0,0,0,0,0,0,0,0,0,61,0,0,0,0,0,0,0,0,0,0,0,0,11,0,0,0,0,0,0,0,0,2,0,0,1,0,0,0,0,0,0,0,0,2,0,1,11,0,0,11,0,0,18,0,0,0,0,0,0,2,0,0,0,0,0,1,15,11,1,0,0,0,0,0,0,2,0,0,0,0,0,0,2,0,0,0,0,0,0,0,0,0,0,0,0,0,94,4,0,0,0,0,1,0,0,0,0,0,0,0,0,0,0,0,0,0,1,0,0,0,0,0,1,0,0,0,0,0,0,0,3,0,0,0,1,0,0,0,0,0,0,0,0,417,Port Hacking,27/9/16 9:54,9,27,2016-09-26T23:54:00Z,21.12891429,0.873635714,35.70123571,10.68675,NRS_PH_Spring
182,NRS_PH,PHB20160926,2016,Spring,26/9/16 0:00,08:53:00,-34.11923,151.22667,Port Hacking,328.5724385,Bombora,NA,Ring-500,100,NA,NA,NA,0,NA,4 damaged,0,0,0,0,0,0,1,0,0,0,0,0,0,0,0,0,0,0,0,0,0,0,0,0,0,0,0,0,0,0,0,0,0,0,0,0,0,3,0,1,20,0,0,0,0,0,0,1,0,0,0,0,0,0,0,0,0,0,2,0,0,0,0,0,0,0,0,0,0,0,0,0,0,0,0,0,0,0,0,0,0,0,0,1,0,0,0,0,0,0,0,0,0,0,0,0,0,0,7,0,1,0,0,0,0,0,0,0,0,0,0,0,0,0,0,0,3,0,0,0,0,0,0,0,0,0,0,0,0,0,0,5,0,0,0,1,0,0,0,0,0,0,0,0,0,43,0,0,0,0,0,0,0,0,0,0,0,0,0,0,0,2,0,0,0,1,0,0,0,0,0,1,0,0,0,0,0,0,0,0,0,0,0,4,0,0,0,0,0,0,0,0,97,Port Hacking,27/9/16 9:54,9,27,2016-09-26T23:54:00Z,21.12891429,0.873635714,35.70123571,10.68675,NRS_PH_Spring
183,NRS_PH,PHB20161030,2016,Spring,31/10/16 0:00,08:57:00,-34.11923,151.22667,Port Hacking,442,Bombora,NA,Ring-500,100,NA,NA,NA,0,NA,1 damaged,0,0,0,0,0,0,0,0,0,0,0,0,0,0,0,0,0,0,0,0,0,0,0,1,0,0,0,0,4,0,0,2,0,0,0,1,0,6,0,0,10,0,0,0,0,0,1,0,0,0,0,0,0,0,0,0,0,0,27,0,0,0,0,0,0,0,0,0,0,0,0,2,0,0,0,0,0,0,0,0,0,0,0,0,0,0,0,0,0,0,0,0,0,0,0,1,0,0,0,0,0,0,0,0,0,1,0,0,2,0,0,0,0,0,0,0,0,0,0,0,0,0,0,0,0,0,0,0,0,0,2,1,0,0,0,0,0,0,0,0,0,0,0,0,0,1,0,0,0,0,0,0,0,0,0,0,0,1,0,0,0,0,0,0,0,0,0,0,1,0,0,0,0,0,0,0,0,0,0,0,0,0,0,1,0,0,0,0,0,0,0,0,65,Port Hacking,31/10/16 9:35,10,31,2016-10-30T22:35:00Z,19.38827857,2.368661538,35.62109286,8.91152,NRS_PH_Spring
184,NRS_PH,PHB20161030,2016,Spring,31/10/16 0:00,09:14:00,-34.11923,151.22667,Port Hacking,337.7066516,Bombora,NA,Ring-500,100,NA,NA,NA,0,NA,NA,0,0,0,0,0,0,0,0,0,0,0,0,1,0,0,0,0,0,0,0,0,0,0,0,0,0,0,0,0,0,0,0,0,0,0,0,0,0,0,0,0,0,1,0,0,0,0,0,0,0,0,0,0,0,0,0,0,0,16,0,0,0,0,0,0,1,0,0,0,0,0,0,0,0,0,0,0,0,0,0,0,0,0,0,0,0,0,0,0,0,0,0,0,0,0,1,0,0,0,0,0,0,0,0,0,3,0,0,0,0,0,0,0,0,0,0,0,0,0,0,0,0,0,0,2,0,0,0,0,0,1,2,0,0,0,0,0,0,0,0,0,0,0,0,0,2,0,0,0,0,0,0,0,0,0,0,0,5,0,0,0,1,0,0,0,1,0,0,0,0,0,0,0,0,0,0,0,0,0,0,0,0,0,0,0,0,0,0,0,0,0,0,37,Port Hacking,31/10/16 9:35,10,31,2016-10-30T22:35:00Z,19.38827857,2.368661538,35.62109286,8.91152,NRS_PH_Spring
185,NRS_PH,PHB20161204,2016,Summer,5/12/16 0:00,09:04:00,-34.11923,151.22667,Port Hacking,352,Bombora,NA,Ring-500,100,NA,NA,NA,0,NA,NA,0,0,0,0,0,0,0,0,0,0,1,0,0,0,0,0,0,0,0,0,0,0,0,0,0,0,0,0,2,0,0,0,0,0,0,0,0,49,0,0,30,0,0,0,0,0,0,0,0,0,0,0,0,0,0,0,0,0,20,0,0,0,0,0,0,0,0,4,0,0,0,11,1,0,0,0,0,0,0,0,0,5,0,0,0,0,0,0,0,0,0,0,0,0,0,1,0,0,0,0,0,0,0,0,0,0,0,0,1,0,0,0,0,0,0,1,0,0,0,0,0,0,0,0,10,0,0,0,0,1,0,23,0,0,0,2,0,0,0,0,0,0,0,0,0,0,0,0,0,0,1,0,14,0,0,6,0,0,0,0,0,1,0,0,0,0,0,0,0,0,0,0,0,0,0,0,0,0,0,2,0,0,0,0,0,0,0,0,0,0,0,0,186,Port Hacking,5/12/16 9:45,12,5,2016-12-04T22:45:00Z,21.79787143,1.461435714,35.62904286,16.92128,NRS_PH_Summer
187,NRS_PH,PHB20170205,2017,Summer,5/2/17 0:00,09:09:00,-34.11923,151.22667,Port Hacking,512.6901172,Bombora,16,Ring-500,100,NA,NA,NA,0,NA,1 unknown,0,0,0,0,0,0,0,0,0,0,0,0,0,0,0,0,0,0,0,0,0,0,0,0,0,0,0,0,0,0,0,0,0,0,0,1,0,2,0,0,11,0,0,0,0,0,0,0,0,0,0,0,0,0,0,0,0,0,2,0,0,0,0,0,2,0,0,0,0,0,0,1,0,0,0,0,0,0,0,0,0,1,0,0,0,0,0,0,0,0,0,0,0,0,0,0,0,0,0,0,0,0,0,0,0,0,0,0,0,0,0,0,0,0,0,0,0,0,0,0,0,0,0,0,2,0,0,0,0,0,1,6,0,0,0,3,0,0,0,0,0,0,0,0,0,0,0,0,0,0,0,0,0,0,0,0,3,1,0,0,0,0,0,0,0,0,0,0,0,0,0,0,0,0,0,0,0,0,0,0,0,0,0,1,0,0,0,0,0,0,0,0,37,Port Hacking,6/2/17 10:49,2,6,2017-02-05T23:49:00Z,22.87224286,0.7112,35.61975714,8.86908,NRS_PH_Summer
188,NRS_PH,PHB20170205,2017,Summer,5/2/17 0:00,09:25:00,-34.11923,151.22667,Port Hacking,449.0556072,Bombora,26,Ring-500,100,NA,NA,NA,0,NA,NA,0,0,0,0,0,0,1,0,0,0,0,0,0,0,0,0,0,0,0,0,0,0,0,0,0,0,0,0,0,0,0,0,0,0,0,0,0,0,0,0,19,0,0,0,0,0,0,0,0,0,0,0,0,0,0,0,0,0,1,0,0,0,0,0,0,0,0,0,0,0,0,0,0,0,0,0,0,0,0,0,0,2,0,0,0,0,0,0,0,0,0,0,0,0,0,0,0,0,0,0,0,0,0,0,0,0,0,0,0,0,1,0,0,0,0,0,0,0,0,0,0,0,0,0,1,0,2,0,0,0,0,10,0,0,0,8,0,0,0,0,0,0,0,0,0,0,0,0,0,0,0,0,0,0,0,0,3,4,0,0,0,0,0,0,0,0,0,0,0,0,0,0,0,0,0,0,0,0,0,0,0,0,0,0,0,0,0,0,0,0,0,0,52,Port Hacking,6/2/17 10:49,2,6,2017-02-05T23:49:00Z,22.87224286,0.7112,35.61975714,8.86908,NRS_PH_Summer
204,NRS_PH,PHB20170321,2017,Autumn,22/3/17 0:00,08:47:00,-34.11923,151.22667,Port Hacking,425.3280018,Bombora,24,Ring-500,100,NA,NA,NA,0,NA,5 damaged; 2 unknown,0,0,0,0,5,0,1,0,0,0,2,0,0,0,0,0,1,0,2,0,0,0,0,0,0,0,0,0,1,0,0,0,0,0,0,116,0,0,0,0,540,0,0,0,0,9,0,0,1,7,0,0,0,0,0,0,0,0,1,6,0,0,0,0,19,0,0,13,0,0,0,3,0,0,0,0,0,0,0,0,0,5,0,15,0,0,0,1,0,0,0,0,0,1,0,11,0,0,0,0,0,0,0,1,0,0,0,0,0,1,3,1,1,0,0,0,0,0,0,0,0,0,0,0,20,0,1,19,0,16,13,58,0,0,0,0,0,0,0,0,0,0,0,9,0,0,0,0,0,0,1,0,0,0,0,0,83,20,0,0,13,0,7,0,0,0,0,1,0,0,3,0,0,0,0,0,0,0,0,10,1,0,0,7,0,0,0,0,0,0,0,0,1049,Port Hacking,22/3/17 9:21,3,22,2017-03-21T22:21:00Z,22.63887143,0.107864286,35.40527143,6.40427,NRS_PH_Autumn
205,NRS_PH,PHB20170321,2017,Autumn,22/3/17 0:00,09:03:00,-34.11923,151.22667,Port Hacking,392.8626599,Bombora,25,Ring-500,100,NA,NA,NA,0,NA,1 damaged,0,0,0,0,0,0,3,0,0,0,0,0,0,0,0,0,0,0,0,0,0,0,0,0,0,0,0,0,2,0,0,0,0,0,0,17,0,0,0,0,481,0,0,0,0,3,2,0,2,2,0,0,0,0,0,0,0,0,0,1,0,0,0,0,0,0,0,5,0,0,0,0,0,0,0,0,0,0,0,0,0,14,0,6,0,0,0,1,0,0,0,0,0,0,0,1,0,0,0,0,0,0,0,0,0,0,0,0,1,0,0,0,9,0,1,0,0,0,0,0,0,0,0,0,5,0,0,3,0,2,10,7,0,0,0,0,0,0,0,0,0,0,0,0,0,0,0,0,0,0,1,0,0,0,0,0,27,8,0,0,4,0,0,0,0,0,0,0,0,0,0,0,0,0,0,0,0,0,0,0,0,0,0,1,0,0,0,0,0,0,0,0,619,Port Hacking,22/3/17 9:21,3,22,2017-03-21T22:21:00Z,22.63887143,0.107864286,35.40527143,6.40427,NRS_PH_Autumn
219,NRS_PH,PHB20170517,2017,Autumn,18/5/17 0:00,09:05:00,-34.11923,151.22667,Port Hacking,478.0746517,Bombora,22,Ring-500,100,NA,NA,NA,0,NA,2 unknown,0,0,0,0,0,0,30,0,0,0,0,0,0,0,0,0,0,0,0,0,0,0,0,0,0,1,0,0,1,0,0,0,0,2,0,0,0,0,0,0,12,0,0,0,0,0,0,0,0,0,0,0,11,0,0,0,0,0,1,0,0,0,0,0,0,0,0,0,0,0,0,1,0,0,0,0,0,0,0,0,0,0,0,0,0,0,0,0,0,0,0,0,2,0,0,8,0,0,0,0,0,0,0,0,0,0,0,0,0,0,0,0,1,0,0,6,0,0,0,0,0,0,0,0,0,0,0,1,0,0,0,1,0,0,0,11,0,0,4,0,0,0,0,0,0,0,0,0,0,0,0,2,14,0,0,0,0,0,0,1,0,0,0,5,0,1,0,0,0,0,0,0,0,0,0,0,0,0,0,0,0,0,0,2,0,0,0,0,0,0,0,0,118,Port Hacking,18/5/17 9:45,5,18,2017-05-17T23:45:00Z,NA,NA,NA,5.27265,NRS_PH_Autumn
220,NRS_PH,PHB20170517,2017,Autumn,18/5/17 0:00,09:22:00,-34.11923,151.22667,Port Hacking,421.393733,Bombora,22,Ring-500,100,NA,NA,NA,0,NA,1 damaged,0,0,0,0,0,0,67,0,0,0,0,0,0,0,0,0,0,0,0,0,0,0,0,0,0,0,0,0,0,0,0,0,0,0,0,0,0,0,0,0,7,0,0,0,0,0,1,0,0,0,0,0,5,0,0,0,0,0,0,0,0,0,0,0,0,0,0,0,0,0,0,0,0,0,0,0,0,0,0,0,0,0,0,0,0,0,0,0,0,0,0,0,2,0,0,8,0,0,0,0,0,33,0,0,0,0,0,0,0,0,0,0,0,0,0,6,0,0,0,0,0,0,0,0,0,0,0,0,0,0,0,0,0,0,0,6,0,0,3,0,0,0,0,0,0,0,0,0,0,0,0,0,5,0,0,0,0,0,0,0,0,0,0,1,0,0,0,0,1,0,0,0,0,0,0,0,0,0,0,0,0,0,0,1,0,0,0,0,0,0,0,0,146,Port Hacking,18/5/17 9:45,5,18,2017-05-17T23:45:00Z,NA,NA,NA,5.27265,NRS_PH_Autumn
221,NRS_PH,PHB20170716,2017,Winter,17/7/17 0:00,09:02:00,-34.11923,151.22667,Port Hacking,379.9619181,Bombora,25,Ring-500,100,NA,NA,NA,0,NA,1 unknown,0,3,0,0,0,0,3,0,0,0,0,0,0,0,0,0,0,0,0,0,0,0,0,0,0,0,0,0,11,0,0,0,0,0,1,8,0,2,0,0,109,0,0,0,0,0,1,0,0,0,0,0,0,0,0,0,0,0,30,0,0,0,0,0,2,0,0,0,0,1,0,0,0,0,0,0,0,0,0,0,0,0,0,1,0,0,0,0,0,0,0,0,0,0,0,3,0,0,0,0,0,1,0,0,0,0,0,0,17,0,0,0,1,0,1,19,0,0,0,0,0,0,0,0,0,0,0,0,0,0,0,4,0,0,0,0,0,0,0,0,0,0,0,0,0,1,0,0,0,0,0,0,0,0,0,0,3,0,0,0,0,6,0,0,0,0,0,0,0,0,0,0,0,0,0,0,0,0,0,3,0,0,0,1,0,0,0,0,0,0,0,0,232,Port Hacking,17/7/17 9:42,7,17,2017-07-16T23:42:00Z,19.0321,1.14965,35.68835714,5.80663,NRS_PH_Winter
222,NRS_PH,PHB20170716,2017,Winter,17/7/17 0:00,09:21:00,-34.11923,151.22667,Port Hacking,445.2585804,Bombora,29,Ring-500,100,NA,NA,NA,0,NA,7 damaged; 3 unknown,0,1,0,0,0,0,1,0,0,0,0,0,0,0,0,0,0,0,0,0,0,0,0,0,0,0,0,0,0,0,0,0,0,0,0,10,0,0,0,0,118,0,0,0,0,0,0,0,0,0,0,0,0,0,1,0,0,0,15,0,0,0,0,0,0,0,0,0,0,0,0,0,0,0,0,0,0,0,0,0,0,0,0,0,0,0,0,0,0,0,0,0,1,0,0,12,0,0,0,0,0,2,0,0,0,0,0,0,35,0,0,0,0,0,0,7,0,0,0,0,0,0,0,0,0,0,0,0,0,0,1,9,0,0,0,0,0,0,0,0,0,0,0,0,0,1,0,0,0,0,0,0,3,0,0,0,0,0,0,6,0,11,0,3,0,0,0,0,0,0,0,0,0,1,0,0,0,0,0,0,0,0,0,10,0,0,0,0,0,0,0,0,248,Port Hacking,17/7/17 9:42,7,17,2017-07-16T23:42:00Z,19.0321,1.14965,35.68835714,5.80663,NRS_PH_Winter
262,NRS_PH,PHB20170821,2017,Winter,22/8/17 0:00,09:10:00,-34.11923,151.22667,Port Hacking,494.1014597,Bombora,21,Ring-500,100,NA,NA,NA,0,NA,NA,0,0,0,0,0,0,2,0,0,0,0,0,0,0,0,0,0,0,0,0,0,0,0,0,0,0,1,0,6,0,0,0,0,2,0,1,0,0,0,0,75,0,0,0,0,0,0,0,0,0,0,0,0,0,0,0,0,0,52,0,0,0,0,0,0,0,0,0,0,0,0,0,0,0,0,0,0,0,0,0,0,0,0,2,0,0,0,0,0,0,0,0,0,0,0,10,0,0,0,0,0,24,0,0,0,0,0,0,7,0,0,0,0,0,0,1,1,0,0,0,0,0,0,0,0,0,0,0,0,0,7,6,0,0,0,3,0,0,0,0,0,0,0,0,0,29,0,0,0,0,0,1,1,0,0,0,2,0,0,0,0,5,0,0,0,0,0,0,0,0,0,0,0,0,0,0,0,0,0,5,0,0,0,0,0,0,0,0,0,0,0,0,243,Port Hacking,22/8/17 9:50,8,22,2017-08-21T23:50:00Z,NA,NA,NA,13.63604,NRS_PH_Winter
263,NRS_PH,PHB20170821,2017,Winter,22/8/17 0:00,09:28:00,-34.11923,151.22667,Port Hacking,426.4259373,Bombora,23,Ring-500,100,NA,NA,NA,0,NA,6 damaged,0,0,0,0,0,0,0,0,0,0,0,0,0,0,0,0,0,0,0,0,0,0,0,0,0,0,0,0,0,0,0,0,0,0,0,0,0,0,0,0,73,0,0,0,0,0,0,0,0,0,0,0,0,0,0,0,0,0,3,0,0,0,0,0,0,0,0,0,0,0,0,0,0,0,0,0,0,0,0,0,0,0,0,1,0,0,0,0,0,0,0,0,0,0,0,2,0,0,1,0,0,0,0,0,0,0,0,0,4,0,0,0,0,0,0,0,0,0,0,0,0,0,0,0,0,0,0,0,0,0,0,5,0,0,0,0,0,0,0,0,0,0,0,0,0,13,0,0,0,0,0,0,0,0,0,0,0,0,0,0,0,1,1,0,0,0,0,0,0,0,0,0,0,0,0,0,0,0,0,0,0,0,0,6,0,0,0,0,0,0,0,0,110,Port Hacking,22/8/17 9:50,8,22,2017-08-21T23:50:00Z,NA,NA,NA,13.63604,NRS_PH_Winter
246,NRS_PH,PHB20170921,2017,Spring,22/9/17 0:00,08:08:00,-34.11923,151.22667,Port Hacking,421.9427008,Bombora,24,Ring-500,100,NA,NA,NA,0,NA,NA,0,1,0,0,0,0,1,0,0,0,0,0,0,0,0,0,1,0,0,0,0,0,0,0,0,0,0,0,0,0,0,0,0,0,0,3,0,0,0,0,2,0,0,0,0,0,0,0,0,0,0,0,0,0,0,0,0,0,88,2,0,0,0,0,0,0,0,0,0,0,0,0,0,0,0,0,0,0,0,0,0,0,1,0,0,0,0,0,0,0,0,0,0,0,0,2,0,0,0,0,0,0,0,0,0,0,0,0,1,0,0,0,0,0,0,0,0,0,0,0,0,0,0,0,0,0,0,0,0,0,7,20,0,0,0,5,0,0,0,0,0,0,0,0,0,3,0,0,0,0,1,0,0,0,0,0,7,0,0,0,0,0,0,0,0,0,0,0,0,0,0,0,0,0,0,0,0,0,0,0,0,0,0,0,0,0,0,0,0,0,0,0,145,Port Hacking,22/9/17 8:48,9,22,2017-09-21T22:48:00Z,17.04445714,2.647085714,35.60894286,16.79751,NRS_PH_Spring
247,NRS_PH,PHB20170921,2017,Spring,22/9/17 0:00,08:28:00,-34.11923,151.22667,Port Hacking,377.1865812,Bombora,29,Ring-500,100,NA,NA,NA,0,NA,NA,0,0,0,0,0,0,0,0,0,0,0,0,0,0,0,0,0,0,0,0,0,0,0,0,0,0,0,0,0,0,0,0,0,0,0,4,0,0,0,0,1,0,0,0,0,0,1,0,0,0,0,0,0,0,0,0,0,0,37,0,0,0,0,0,0,0,0,0,0,0,0,0,0,0,0,0,0,0,0,0,0,0,0,0,0,0,0,0,0,0,0,0,0,0,0,1,0,0,0,0,0,0,0,0,0,0,0,0,1,0,0,0,0,0,0,0,0,0,0,0,0,0,0,0,1,0,0,0,0,0,0,20,0,0,0,2,0,0,0,0,0,0,0,0,0,1,0,0,0,0,3,0,0,0,0,0,2,0,0,0,0,1,1,0,0,0,0,0,0,0,0,0,0,0,0,0,0,0,0,1,0,0,0,0,0,0,0,0,0,0,0,0,77,Port Hacking,22/9/17 8:48,9,22,2017-09-21T22:48:00Z,17.04445714,2.647085714,35.60894286,16.79751,NRS_PH_Spring
248,NRS_PH,PHB20171024,2017,Spring,25/10/17 0:00,08:11:00,-34.11923,151.22667,Port Hacking,245.3733284,Bombora,NA,Ring-500,100,NA,NA,NA,0,NA,NA,0,0,0,0,0,0,0,0,0,0,0,0,0,0,0,0,0,0,0,0,0,0,0,0,0,0,0,0,5,0,0,0,0,0,0,2,0,0,0,0,18,0,0,0,0,0,1,0,0,0,0,0,0,0,0,0,0,0,19,0,0,0,0,0,0,0,0,1,0,0,0,1,0,0,0,0,0,0,0,0,0,0,0,0,0,0,0,0,0,0,0,0,0,0,0,0,0,0,0,0,0,0,0,0,0,0,0,0,0,0,1,0,0,0,0,0,1,0,0,0,0,0,0,0,7,0,1,0,0,0,20,41,0,0,0,0,0,0,0,0,0,0,0,0,0,0,0,0,7,0,8,0,0,0,0,0,15,0,0,0,0,0,0,0,0,0,0,0,0,0,0,0,0,1,0,0,0,0,0,6,0,0,0,0,0,0,0,0,0,0,0,0,155,Port Hacking,25/10/17 9:01,10,25,2017-10-24T22:01:00Z,18.26771429,NA,35.5013,8.19718,NRS_PH_Spring
249,NRS_PH,PHB20171024,2017,Spring,25/10/17 0:00,08:35:00,-34.11923,151.22667,Port Hacking,226.9066638,Bombora,NA,Ring-500,100,NA,NA,NA,0,NA,NA,0,0,0,0,0,0,0,0,0,0,0,0,0,0,0,0,0,0,0,0,0,0,0,0,0,0,0,0,1,0,0,0,0,0,0,3,0,0,0,0,5,0,0,0,0,0,0,0,0,0,0,0,0,0,0,0,0,0,4,0,0,0,0,0,0,0,0,0,0,0,0,0,0,0,0,0,0,0,0,0,0,0,0,0,0,0,0,0,0,0,0,0,0,0,0,0,0,0,0,0,0,0,0,0,0,0,0,0,1,0,0,0,1,0,0,0,0,0,0,0,0,0,0,0,5,0,0,0,0,0,3,4,0,0,0,0,0,0,0,0,0,0,0,0,0,0,0,0,0,0,0,0,0,0,0,0,0,0,0,7,0,0,0,0,0,0,0,0,0,0,0,0,0,0,0,0,0,0,0,1,0,0,0,0,0,0,0,0,0,0,0,0,35,Port Hacking,25/10/17 9:01,10,25,2017-10-24T22:01:00Z,18.26771429,NA,35.5013,8.19718,NRS_PH_Spring
290,NRS_PH,PHB20180123,2018,Summer,24/1/18 0:00,09:53:00,-34.11923,151.22667,Port Hacking,453.7523312,Bombora,21,Ring-500,100,NA,NA,NA,0,NA,NA,0,0,0,0,7,0,0,0,0,0,0,0,0,0,0,0,0,0,1,0,0,0,0,1,0,0,2,0,8,0,0,0,0,0,0,0,0,10,0,0,54,0,0,0,0,0,0,0,0,0,1,0,0,0,0,0,0,0,4,0,0,0,0,0,0,0,0,0,0,0,0,0,2,0,0,0,0,0,0,0,0,3,0,1,0,0,0,0,0,0,0,0,0,0,0,3,0,0,0,1,0,0,0,0,0,0,0,0,0,0,6,0,0,0,0,1,0,0,0,0,0,0,0,0,0,0,1,0,0,0,0,5,0,0,0,1,0,0,0,0,0,0,1,0,0,0,0,0,0,0,0,0,0,0,0,0,0,3,0,0,0,2,7,0,0,0,0,0,0,0,0,0,0,1,0,0,0,0,0,2,0,0,2,0,0,0,0,0,0,0,0,0,130,Port Hacking,24/1/18 9:41,1,24,2018-01-23T22:41:00Z,21.64181429,0.799178571,35.63792143,16.66313,NRS_PH_Summer
291,NRS_PH,PHB20180123,2018,Summer,24/1/18 0:00,10:16:00,-34.11923,151.22667,Port Hacking,445.9905374,Bombora,23,Ring-500,100,NA,NA,NA,0,NA,NA,0,0,0,0,0,0,0,0,0,0,0,0,0,0,0,0,0,0,0,0,0,1,0,0,0,0,0,0,0,0,0,0,0,0,0,0,0,6,0,0,14,0,0,0,0,0,0,0,0,0,0,0,0,0,0,0,0,0,0,0,0,0,0,0,0,0,0,0,0,0,0,0,0,0,0,0,0,0,0,0,0,1,0,1,0,0,0,0,0,0,0,0,0,0,0,0,0,0,0,0,0,0,0,0,0,0,0,0,0,0,2,0,0,0,0,0,0,0,0,0,0,0,0,0,0,0,0,0,0,0,0,1,0,0,0,0,0,0,0,0,0,0,0,0,0,0,0,0,0,0,0,0,0,0,0,0,0,0,0,0,0,0,0,0,0,0,0,0,0,0,0,0,0,0,0,0,0,0,0,0,0,0,0,0,0,0,0,0,0,0,0,0,26,Port Hacking,24/1/18 9:41,1,24,2018-01-23T22:41:00Z,21.64181429,0.799178571,35.63792143,16.66313,NRS_PH_Summer
292,NRS_PH,PHB20180221,2018,Summer,22/2/18 0:00,08:42:00,-34.11923,151.22667,Port Hacking,481.0787251,Bombora,22,Ring-500,100,NA,NA,NA,0,NA,1 damaged; 3 unknown,0,0,0,0,5,0,0,0,0,0,0,0,0,0,0,0,0,0,17,0,0,0,0,0,0,1,0,0,4,0,0,0,0,0,0,1,0,89,0,0,224,0,0,0,0,0,2,0,1,0,0,0,0,0,0,0,0,0,0,1,0,0,0,0,0,0,0,0,0,0,0,7,0,0,0,0,0,0,0,0,0,52,0,3,0,0,0,0,0,0,0,0,0,0,4,1,0,0,0,0,0,0,0,0,0,0,0,0,1,0,6,0,0,0,0,3,0,0,0,0,0,0,0,0,0,0,1,0,0,0,2,2,0,0,0,22,0,0,0,0,0,0,1,0,0,0,0,0,0,0,0,3,0,0,0,0,0,2,0,15,0,0,4,0,0,3,0,0,0,2,0,0,0,0,1,0,0,0,0,3,0,0,0,4,0,0,0,0,0,0,0,0,487,Port Hacking,22/2/18 9:18,2,22,2018-02-21T22:18:00Z,22.97647857,0.6634,35.65040714,17.35978,NRS_PH_Summer
293,NRS_PH,PHB20180221,2018,Summer,22/2/18 0:00,08:58:00,-34.11923,151.22667,Port Hacking,465.6618812,Bombora,18,Ring-500,100,NA,NA,NA,0,NA,NA,0,0,0,0,0,0,0,0,0,0,0,0,0,0,0,0,0,0,1,0,0,0,0,0,0,0,0,0,0,0,0,0,0,0,0,2,0,25,0,0,86,0,0,0,0,0,0,0,0,0,0,0,0,0,0,0,0,0,0,0,0,0,0,0,0,0,0,0,0,0,0,0,0,0,0,0,0,0,0,0,0,6,0,0,0,0,0,0,0,0,0,0,0,0,0,0,0,0,0,0,0,0,0,0,0,1,0,0,0,2,4,0,1,0,0,0,0,0,0,0,0,0,0,0,0,0,0,0,0,0,0,1,0,0,0,1,0,0,0,0,0,0,0,0,0,0,0,0,0,0,0,1,0,0,0,0,0,0,0,0,1,0,1,0,0,2,0,0,0,0,0,0,0,0,0,0,0,0,0,0,0,0,0,0,0,0,0,0,0,0,0,0,135,Port Hacking,22/2/18 9:18,2,22,2018-02-21T22:18:00Z,22.97647857,0.6634,35.65040714,17.35978,NRS_PH_Summer
296,NRS_PH,PHB20180326,2018,Autumn,27/3/18 0:00,09:14:00,-34.11923,151.22667,Port Hacking,268.6587099,Bombora,18,Ring-500,100,NA,NA,NA,0,NA,2 unknown,0,0,0,0,2,0,0,0,0,0,0,0,0,0,0,0,0,0,0,0,0,0,0,0,0,2,0,0,0,0,0,0,0,0,0,0,0,2,0,0,14,0,0,0,0,0,0,0,0,0,0,0,0,0,0,0,0,0,0,0,0,0,0,0,0,0,0,0,0,0,0,1,0,0,0,0,0,0,0,0,0,0,0,0,0,0,0,8,0,0,0,0,0,0,0,0,0,0,0,4,1,0,0,0,0,0,0,0,0,0,0,0,4,0,0,25,0,0,0,0,0,0,0,0,0,0,0,0,0,0,0,3,0,0,0,0,0,0,0,0,0,0,0,0,0,0,0,0,0,0,0,3,0,0,0,0,0,0,0,4,0,0,0,0,0,0,0,0,0,1,0,0,0,0,0,0,0,0,0,0,0,0,0,2,0,0,0,0,0,0,0,0,76,Port Hacking,27/3/18 9:40,3,27,2018-03-26T22:40:00Z,22.92952308,0.364369231,35.67016154,9.32173,NRS_PH_Autumn
308,NRS_PH,PHB20180626,2018,Winter,27/6/18 0:00,10:26:00,-34.11923,151.22667,Port Hacking,425.1907599,Zelda Faith,NA,Ring-500,100,NA,NA,NA,0,NA,1 damaged; 2 unknown,0,0,0,0,0,0,0,0,0,0,0,0,0,0,0,0,0,0,0,0,0,0,0,0,0,0,0,0,0,0,0,0,0,0,0,0,0,0,0,0,4,0,0,0,0,0,0,0,0,0,0,0,1,0,0,0,0,0,8,0,0,0,0,0,0,0,0,0,0,0,0,0,0,0,0,0,0,0,0,0,0,0,0,0,0,0,0,0,0,0,0,0,0,0,0,1,0,0,0,0,0,0,0,0,0,0,0,0,0,0,0,0,0,0,0,27,0,0,0,0,0,0,0,0,0,0,0,0,0,0,0,1,0,0,0,0,0,0,0,0,0,0,0,0,0,0,0,0,0,0,1,0,0,0,0,0,0,0,0,0,0,0,0,0,0,0,0,0,0,0,0,0,0,0,0,0,0,0,0,2,0,0,0,3,0,0,0,0,0,0,0,0,48,Port Hacking,27/6/18 9:41,6,27,2018-06-26T23:41:00Z,NA,NA,NA,NA,NRS_PH_Winter
311,NRS_PH,PHB20180724,2018,Winter,25/7/18 0:00,09:33:00,-34.11923,151.22667,Port Hacking,292.2490734,Zelda Faith,18,Ring-500,100,NA,NA,NA,0,NA,3 unknown,0,0,0,0,0,0,5,0,0,0,0,0,0,0,0,0,0,0,0,0,0,0,0,0,0,0,0,0,24,0,0,0,0,0,1,0,0,0,0,0,42,0,0,0,0,0,3,0,0,0,0,0,0,0,0,0,0,0,110,0,0,0,0,0,0,0,0,0,0,0,0,0,0,0,0,0,0,0,0,0,0,0,0,0,0,0,0,0,0,0,0,0,0,0,0,0,0,0,0,0,0,9,0,0,0,0,0,0,0,0,0,6,0,0,0,15,0,0,0,0,0,0,0,0,0,0,0,0,0,2,0,9,0,0,0,0,0,0,0,0,0,0,0,0,0,7,0,0,0,0,0,0,0,0,0,0,0,0,0,0,0,1,0,0,0,0,0,0,0,0,0,0,0,0,0,0,0,0,0,4,0,0,0,3,0,0,0,0,0,0,0,0,241,Port Hacking,25/7/18 9:33,7,25,2018-07-24T23:33:00Z,17.59586429,1.902135714,35.72034286,6.05417,NRS_PH_Winter
312,NRS_PH,PHB20180724,2018,Winter,25/7/18 0:00,09:45:00,-34.11923,151.22667,Port Hacking,249.6735757,Zelda Faith,34,Ring-500,100,NA,NA,NA,0,NA,3 unknown,0,0,0,0,0,0,0,0,0,0,0,0,0,0,0,0,0,0,0,0,0,0,0,0,0,0,0,0,18,0,0,0,0,0,4,0,0,0,0,0,71,0,0,0,0,0,3,0,0,0,0,0,0,0,0,0,0,0,148,0,0,0,0,0,0,0,0,0,0,0,0,0,0,0,0,0,0,0,0,0,0,0,0,0,0,0,0,0,0,0,0,0,0,0,0,1,0,0,0,0,0,34,0,0,0,0,0,0,2,0,0,9,0,0,0,31,0,0,0,0,0,0,0,0,0,0,0,0,0,2,0,15,0,0,0,0,0,0,0,0,0,0,0,0,0,6,0,1,0,0,0,0,2,0,0,0,0,0,0,2,0,8,0,0,0,0,0,0,0,0,0,0,0,0,0,0,0,0,0,4,0,0,0,3,0,0,0,0,0,0,0,0,364,Port Hacking,25/7/18 9:33,7,25,2018-07-24T23:33:00Z,17.59586429,1.902135714,35.72034286,6.05417,NRS_PH_Winter
341,NRS_PH,PHB20180905,2018,Spring,5/9/18 0:00,10:14:00,-34.11923,151.22667,Port Hacking,98.38721739,Zelda Faith,38,Ring-500,100,NA,NA,NA,0,NA,NA,0,0,0,0,0,0,0,0,0,0,0,0,0,0,0,0,0,0,0,0,0,0,0,0,0,0,0,0,5,0,0,0,0,0,0,0,0,0,0,0,3,0,0,0,0,0,3,0,0,0,0,0,0,0,0,0,0,0,1,0,0,0,0,0,0,0,0,0,0,0,0,0,0,0,0,0,0,0,0,0,0,0,0,0,0,0,0,0,0,0,0,0,0,0,0,1,0,0,0,0,0,0,0,0,0,0,0,0,0,0,0,0,0,0,0,5,0,0,0,0,0,0,0,0,0,0,0,0,0,0,0,1,0,0,0,0,0,0,0,0,0,0,0,0,0,0,0,2,0,0,0,0,0,0,0,0,0,0,0,0,0,0,0,0,0,0,0,0,0,0,0,0,0,0,0,0,0,0,0,1,0,0,0,0,0,0,0,0,0,0,0,0,22,Port Hacking,5/9/18 10:50,9,5,2018-09-05T00:50:00Z,15.87801429,4.01135,35.65099286,50.6825,NRS_PH_Spring
342,NRS_PH,PHB20180905,2018,Spring,5/9/18 0:00,10:31:00,-34.11923,151.22667,Port Hacking,130.7000682,Zelda Faith,26,Ring-500,100,NA,NA,NA,0,NA,NA,0,0,0,0,0,0,0,0,0,0,0,0,0,0,0,0,0,0,0,0,0,0,0,0,0,0,0,0,2,0,0,0,0,0,0,0,0,1,0,0,8,0,0,0,0,0,0,0,0,0,0,0,0,0,0,0,0,0,2,0,0,0,0,0,0,0,0,0,0,0,0,0,0,0,0,0,0,0,0,0,0,0,0,0,0,0,0,0,0,0,0,0,0,0,0,0,0,0,0,0,0,1,0,0,0,0,0,0,0,0,0,0,0,0,0,0,0,0,0,0,0,0,0,0,0,0,0,0,0,0,0,0,0,0,0,0,0,0,0,0,0,0,0,0,0,0,0,0,0,0,0,0,0,0,0,0,0,0,0,0,0,1,0,0,0,0,0,0,0,0,0,0,0,0,0,0,0,0,0,0,0,0,0,0,0,0,0,0,0,0,0,0,15,Port Hacking,5/9/18 10:50,9,5,2018-09-05T00:50:00Z,15.87801429,4.01135,35.65099286,50.6825,NRS_PH_Spring
343,NRS_PH,PHB20180927,2018,Spring,27/9/18 0:00,10:03:00,-34.11923,151.22667,Port Hacking,276.5577456,Zelda Faith,NA,Ring-500,100,NA,NA,NA,0,NA,1 unknown,0,0,0,0,0,0,2,0,0,0,0,0,0,0,0,0,0,0,0,0,0,0,0,0,0,0,0,0,16,0,0,0,0,0,0,2,0,0,1,0,46,0,0,0,0,0,0,0,0,0,0,0,0,0,0,0,0,0,2,0,0,0,0,0,0,0,0,0,0,0,0,0,0,0,0,0,0,0,0,0,0,0,0,0,0,0,0,0,0,0,0,0,0,0,0,0,0,0,0,0,0,0,0,0,0,0,0,0,10,0,0,0,0,0,0,1,0,0,0,0,0,0,0,0,0,0,0,0,0,0,2,1,0,0,0,0,0,0,0,0,0,0,0,0,0,7,0,0,0,0,1,0,0,0,0,0,3,0,0,0,0,0,0,0,0,0,0,0,0,0,0,0,0,0,0,0,0,0,0,0,0,0,0,1,0,0,0,0,0,0,0,0,95,Port Hacking,27/9/18 10:43,9,27,2018-09-27T00:43:00Z,17.57511429,2.655064286,35.63396429,12.41601,NRS_PH_Spring
344,NRS_PH,PHB20180927,2018,Spring,27/9/18 0:00,10:21:00,-34.11923,151.22667,Port Hacking,263.2300289,Zelda Faith,NA,Ring-500,100,NA,NA,NA,0,NA,NA,0,0,0,0,0,0,2,0,0,0,0,0,0,0,0,0,0,0,0,0,0,0,0,0,0,0,0,0,11,0,0,0,0,0,0,1,0,0,0,0,44,0,0,0,0,0,0,0,0,0,0,0,0,0,0,0,0,0,0,0,0,0,0,0,0,0,0,0,0,0,0,0,0,0,0,0,0,0,0,0,0,0,0,0,0,0,0,0,0,0,0,0,0,0,0,0,0,0,0,0,0,0,0,0,0,0,0,0,10,0,0,0,0,0,0,0,0,0,0,0,0,0,0,0,0,0,0,0,0,0,1,1,0,0,0,0,0,0,0,0,0,0,0,0,0,4,0,0,0,0,0,0,0,0,0,0,2,0,0,0,0,0,0,0,0,0,0,0,0,0,0,0,0,0,0,0,0,0,0,1,0,0,0,0,0,0,0,0,0,0,0,0,77,Port Hacking,27/9/18 10:43,9,27,2018-09-27T00:43:00Z,17.57511429,2.655064286,35.63396429,12.41601,NRS_PH_Spring
337,NRS_PH,PHB20181120,2018,Spring,21/11/18 0:00,08:50:00,-34.11923,151.22667,Port Hacking,188.7839044,Zelda Faith,19,Ring-500,100,NA,NA,NA,0,NA,NA,0,0,0,0,0,0,1,0,0,0,0,0,0,0,0,0,0,0,0,0,0,0,0,0,0,0,0,0,0,0,0,0,0,0,0,2,0,4,0,0,9,0,0,0,0,0,0,0,0,0,0,0,0,0,0,0,0,0,2,0,0,0,0,0,0,0,0,0,0,0,0,0,4,0,0,0,0,0,0,0,0,0,0,0,0,0,0,0,0,0,0,0,0,0,0,2,0,0,0,0,0,0,0,0,0,14,0,0,2,0,0,0,0,0,0,0,0,0,0,0,0,0,0,0,1,0,1,0,0,0,4,8,0,0,0,0,0,0,0,0,0,0,0,0,0,0,0,0,0,0,0,0,0,0,0,0,3,0,0,0,0,1,1,0,0,0,0,0,0,0,0,0,0,0,0,0,0,0,0,6,0,0,0,0,0,0,0,0,0,0,0,0,65,Port Hacking,21/11/18 9:24,11,21,2018-11-20T22:24:00Z,18.92630714,2.984114286,35.45936429,4.81292,NRS_PH_Spring
338,NRS_PH,PHB20181120,2018,Spring,21/11/18 0:00,09:01:00,-34.11923,151.22667,Port Hacking,185.6883364,Zelda Faith,14,Ring-500,100,NA,NA,NA,0,NA,1 unknown,0,0,0,0,0,0,0,0,0,0,0,0,0,0,0,0,0,0,0,0,0,0,0,0,0,0,0,0,0,0,0,0,0,0,0,1,0,5,0,0,10,0,0,0,0,0,0,0,0,0,0,0,0,0,0,0,0,0,2,0,0,0,0,0,0,0,0,0,0,0,0,0,3,0,0,0,0,0,0,0,0,1,10,0,0,0,0,0,0,0,0,0,0,0,0,0,0,0,0,0,0,0,0,0,0,0,0,0,0,0,0,0,0,0,0,0,0,0,0,0,0,0,0,0,2,0,2,0,0,0,13,8,0,0,0,0,0,0,0,0,0,0,0,0,0,0,0,0,0,0,0,0,0,0,0,0,7,0,0,0,0,2,0,0,1,1,0,0,0,0,0,0,0,0,0,0,0,0,0,12,0,0,0,1,0,0,0,0,0,0,0,0,81,Port Hacking,21/11/18 9:24,11,21,2018-11-20T22:24:00Z,18.92630714,2.984114286,35.45936429,4.81292,NRS_PH_Spring
353,NRS_PH,PHB20181218,2018,Summer,19/12/18 0:00,09:04:00,-34.11923,151.22667,Port Hacking,225.9002229,Zelda Faith,32,Ring-500,100,NA,NA,NA,0,NA,4 damaged,0,0,0,0,0,0,0,0,0,0,0,0,0,0,0,0,0,0,0,0,0,0,0,0,0,0,0,0,2,0,0,0,0,0,0,0,0,0,0,0,9,0,0,0,0,0,1,0,0,0,0,0,0,0,0,0,0,0,1,0,0,0,0,0,0,0,0,0,0,0,0,0,0,0,0,0,0,0,0,0,0,0,0,0,0,0,0,0,0,0,0,0,0,0,0,0,0,0,0,0,0,0,0,0,0,0,0,0,0,0,0,0,0,0,0,0,0,0,0,0,0,0,0,0,0,0,0,0,0,0,0,1,0,0,0,0,0,0,0,0,0,0,0,0,0,0,0,0,0,0,0,0,0,0,0,0,4,0,0,0,0,0,0,0,0,0,0,0,0,0,0,0,0,0,0,0,0,0,0,0,0,0,0,4,0,0,0,0,0,0,0,0,22,Port Hacking,19/12/18 9:40,12,19,2018-12-18T22:40:00Z,20.72488571,3.686118182,35.49955,9.88754,NRS_PH_Summer
354,NRS_PH,PHB20181218,2018,Summer,19/12/18 0:00,09:18:00,-34.11923,151.22667,Port Hacking,248.4536474,Zelda Faith,50,Ring-500,100,NA,NA,NA,0,NA,NA,0,0,0,0,0,0,0,0,0,0,0,0,0,0,0,0,0,0,0,0,0,0,0,0,0,0,0,0,9,0,0,0,0,0,0,5,0,2,0,0,11,0,0,0,0,0,4,0,0,0,0,0,0,0,0,0,0,0,7,0,0,0,0,0,0,0,0,0,0,0,0,1,0,0,0,0,0,0,0,0,0,0,0,0,0,0,0,1,0,0,0,0,0,0,0,2,0,0,0,0,0,0,0,0,0,0,0,0,0,0,0,2,0,0,0,0,0,0,0,0,0,0,0,0,0,0,0,0,0,0,7,5,0,0,0,0,0,0,0,0,0,0,0,0,0,0,0,0,0,0,0,0,0,0,0,0,3,0,0,0,0,0,0,0,0,0,0,0,0,0,0,0,0,0,0,0,0,0,0,1,0,0,0,0,0,0,0,0,0,0,0,0,60,Port Hacking,19/12/18 9:40,12,19,2018-12-18T22:40:00Z,20.72488571,3.686118182,35.49955,9.88754,NRS_PH_Summer
